id,group_id,message,voice,per,comment_group,reuse
1,"100,000",晴れわたる空のもと行われる、%course\n%ground%distance%race\n%h_num_noウマ娘たちが挑みます,1000101|%course|%ground|%distance|%race|%h_num_no,100,0,0,
2,"100,001",窑昕栅韦猡取%course\n%ground%distance%race\n%h_num_noウマ娘たちが挑みます,1000201|%course|%ground|%distance|%race|%h_num_no,100,0,0,
3,"100,002",足元い雨の中、%course\n%ground%distance%race\n%h_num_noウマ娘たちが挑みます,1000301|%course|%ground|%distance|%race|%h_num_no,100,0,0,
5,"100,004",iけるような青空のもと%course\n%ground%distance%race\n%h_num_noウマ娘たちが挑みます,1000501|%course|%ground|%distance|%race|%h_num_no,100,0,0,
6,"100,005",波乱の香り漂う窑昕栅韦猡刃肖铯欷\n%course\n%ground%distance%race\n%h_num_noウマ娘たちが挑みます,1000601|%course|%ground|%distance|%race|%h_num_no,100,0,0,
7,"100,006",天が与えたの雨が、波乱含みの%course\n%ground%distance%race\nいよいよ出走です,1000701|%course|%ground|%distance|%race|1000702,100,0,0,
8,"100,007",寒さAく%course、が待ち受けていた\n雪降る%race\n%ground%distance\n倮にたどりつくのはどのウマ娘だ！,1000801|%course|1000802|%race|%ground|%distance|1000803,100,0,0,
9,"100,008",美しい青空が冥る、%course\nタ`フも~好の良バ訾摔胜辘蓼筏浚,1001101|%course|1001102,100,"100,000",0,
10,"100,009",xく太のもとに_かれている、%course\n良とk表されたバ訾摔稀⑸mが舞っています,1001201|%course|1001202,100,"100,001",0,
11,"100,010",ゆったりと流れる美しい\n青空冥る、%course\n前日に降った雨のため\n~好とはいえない稍重k表となりました,1001301|%course|1001302,100,"100,002",0,
12,"100,011",晴天のもとに_催される、%course\n降っては止みをRり返した天荬韦郡\nバ鲎Bは稍重のk表です,1001401|%course|1001402,100,"100,003",0,
13,"100,012",上空には灰色の空が冥る、%course\n天荬悉胜螭趣持ちこたえ、良バ訾伟k表です,1001501|%course|1001502,100,"100,004",0,
15,"100,014",どんよりしたが空を覆う\n%course\nこの空を映したように芝は稍重のk表となりました,1001701|%course|1001702,100,"100,006",0,
16,"100,015",r折雨が落ちる、%course\n天の荬蓼挨欷摔瑜辍\nバ訾我きまった稍重k表となりました,1001801|%course|1001802,100,"100,007",0,
17,"100,016",あいにくの雨が芝を濡らす、%course\nバ鲎Bのk表は重となってしまいました,1001901|%course|1001902,100,"100,008",0,
18,"100,017",天から妞こぼれる、%course\n重バ霭k表となってしまったダ`トで\n^酷なレ`スが行われることとなりました,1002001|%course|1002002,100,"100,009",0,
19,"100,018",荒れた天候の、%course\n降りAいた雨がバ鲎Bを化させ\n不良のk表となってしまいました,1002101|%course|1002102,100,"100,010",0,
20,"100,019",い雨の、%course\n雨で濡れた砂はヌルリと滑る\n不良バ訾趣胜盲皮筏蓼い蓼筏浚,1002201|%course|1002202,100,"100,011",0,
21,"100,020",昨日からAく雪がちらつく、%course\n除雪がKわった芝コ`スの状Bは稍重となりました,1002301|%course|1002302,100,"100,012",0,
22,"100,021",姨欷ら降り注ぐ雪の中、ウマ娘たちは走ります\n%course、ダ`トコ`スは稍重のk表です,1002401|%course|1002402,100,"100,013",0,
23,"100,022",舞い散る雪がタ`フを白く染めあげます\n除雪作IのMむここ、%course\nバ鲎Bのk表は重です,1002501|%course|1002502,100,"100,014",0,
24,"100,023",灰色の空から舞い散る雪という名の白い天使たち\n%course、ダ`トコ`スは重のk表です,1002601|%course|1002602,100,"100,015",0,
25,"100,200",ファンファ`レが高らかにく！\n春のGⅠ_幕椤フェブラリ`ステ`クス！,1088701,100,0,0,
26,"100,201",オオカン@が守るもとでの幛椁ぃ\n6ハロン、高松m念！,1088801,100,0,0,
27,"100,202",早春の阪神に最を自するウマ娘が集う！\n春の中?L距x三冠、第一、大阪杯！,1088901,100,0,0,
28,"100,203",DきFる@が女王のQ生を待ち望む！\nクラシック第一！@花p！,1089001,100,0,0,
29,"100,204",最も『はやい』ウマ娘が伽膜趣いΠw月p！\n成Lをせつけるのはlだ！,1089101,100,0,0,
30,"100,205",唯一o二、一帖の盾をかけた幛椁ぃ\n最L距xGⅠ天皇p（春）！,1089201,100,0,0,
31,"100,206",世代最速を自するウマ娘が府中に集う！\nNHKマイルカップ！,1089301,100,0,0,
32,"100,207",女神守る府中に天使が舞い降りる！\nヴィクトリアに初められた者が僬撙趣胜耄,1089401,100,0,0,
33,"100,208",伽闻王を目指すウマ娘が府中に集う！\nオ`クスで戴冠するのはlだ！,1089501,100,0,0,
34,"100,209",すべてのウマ娘が目指す点、日本ダ`ビ`！\ns史に蹄Eを残すのはlだ！,1089601,100,0,0,
35,"100,210",快速自慢が集う|京マイル?安田念！\n春のマイル王はlの手に！,1089701,100,0,0,
36,"100,211",票にされたファンの\n思いを力にかえて走るグランプリ?宝V念！,1089801,100,0,0,
37,"100,212",秋の菖浃近づく中山に快速自慢が集う！\n光石火?スプリンタ`ズステ`クス！,1089901,100,0,0,
38,"100,213",cやかな秋を彩る秋Aたち\n秋Apの舞台で美しくAをDかせるのはlだ！,1090001,100,0,0,
39,"100,214",クラシックロ`ドのK着点\n菊花pを制し最の称号を手にするのはlだ！,1090101,100,0,0,
40,"100,215",ウマ娘たちが追い求める一帖の盾\nえた脚を武器に往く压猡丐蔚溃\n天皇p（秋）！,1090201,100,0,0,
41,"100,216",日の丸とユニオンジャックに守られ、\n淀のタ`フでエリザベス女王杯を鳏菠毪韦险lだ！,1090301,100,0,0,
42,"100,217",LくAいたマイル路もKわりを迎える\n王者Q生！　マイルチャンピオンシップ！,1090401,100,0,0,
43,"100,218",世界のウマ娘が压猡蚯螭\nジャパンカップの府中に集う！\n日本荬抗できるのか！,1090501,100,0,0,
44,"100,219",砂上の椁い蚯螭幛朊驼撙集う！\nダ`ト王Q定椤チャンピオンズカップ！,1090601,100,0,0,
45,"100,220",寒空の阪神に幛心の若xがBう！\nクラシックへの道、阪神ジュベナイルフィリ`ズ！,1090701,100,0,0,
46,"100,221",クラシックへの登oT\n朝日杯フュ`チュリティステ`クス！\nここから道ははじまる！,1090801,100,0,0,
47,"100,222",年末の中山で争われる簸违哎楗螗抓?有R念！\nあなたの簟⑺饯簸弦钉Δ韦！,1090901,100,0,0,
48,"100,223",lをも魅了し、心をZう希望の星がQ生する！\nホ`プフルステ`クス！,1091001,100,0,0,
49,"100,224",日々のトレ`ニングで力を蓄えたウマ娘たちが\nついにレ`スの舞台におりたちます！\nトレ`ニングレ`ス！,1092301,100,0,0,
50,"100,225",可能性を秘めたウマ娘たちが\nはじめて本番の舞台に立つ！\nビギナ`楗攻咯`ト！,1091101,100,0,0,
51,"100,226",最と呼ばれる者ですらけることはある\n≌突椁ら再起を恧毪韦险lだ！,1091201,100,0,0,
52,"100,227",一伽颏げてもウマ娘に休む暇はない\n新たな壁を突破するのはlだ\nヴァルゴレ`ス！,1091301,100,0,0,
53,"100,228",黄道に美しくxくハマルのように\n光を放つウマ娘はlだ！\nアリエスレ`ス！,1091401,100,0,0,
54,"100,229",旅人に北を教える美しき星座\nウマ娘たちにも道しるべとなるのか！\nカシオペアレ`ス！,1091501,100,0,0,
55,"100,230",美しくxくベテルギウスのように\n最もい光となるのはlだ！\nオリオンレ`ス！,1091601,100,0,0,
56,"100,231",トゥインクル?シリ`ズからの刺客\n%legend\nついにレジェンドを打ちす者がFれるのか！？,1091701|%legend|1091702,100,0,0,
57,"100,300",スピ`ド自慢の快足ウマ娘たちが\n新1000ｍに集う,1034601,100,0,0,
58,"100,800",F在、1番人荬%h_pop1,1002701|%h_pop1,100,0,0,
59,"100,800",このレ`ス、最も人荬蚣めているのは\n%h_pop1、1番人荬扦,1002801|%h_pop1|1002802,100,0,0,
60,"100,800",さあ、1番人荬谓B介です\n%h_pop1,1002901|%h_pop1,100,0,0,
61,"100,800",1番人荬悉猡沥恧螭长文\n%h_pop1,1003001|%h_pop1,100,0,0,
62,"100,802",Aく2番人荬%h_pop2,1003101|%h_pop2,100,0,0,
63,"100,802",2番人荬蚪B介しましょう\n%h_pop2,1003201|%h_pop2,100,0,0,
64,"100,802",g力はけていません\n2番人荨%h_pop2,1003301|%h_pop2,100,0,0,
65,"100,802",このuは少し不氦？\n2番人荬悉长文铩%h_pop2,%w_0.2|1003401|%h_pop2,100,0,0,
66,"100,803",2番人荬蚪B介しましょう\n%h_pop2,1003201|%h_pop2,100,0,0,
67,"100,803",このuは少し不氦？\n2番人荬悉长文铩%h_pop2,%w_0.2|1003401|%h_pop2,100,0,0,
68,"100,804",3番人荬摔%h_pop3,1003501|%h_pop3,100,0,0,
69,"100,804",3番人荬悉长文铯扦埂%h_pop3,1003601|%h_pop3,100,0,0,
70,"100,804",虎眈々と上位を狙っています\n3番人荬%h_pop3,1003701|%h_pop3,100,0,0,
71,"100,804",人荬g力を兼ね浃à\n%h_pop3\n今日は3番人荬扦,1003801|%h_pop3|1003802,100,0,0,
72,"100,805",さあ、今日の主役はこのウマ娘を置いて他にいない\n1番人%h_pop1！,1003901|1003902|%h_pop1,100,0,0,
73,"100,805",威L堂々とスタ`トを待つのはこのウマ娘\n本日の1番人%h_pop1！,1003903|1003904|%h_pop1,100,0,0,
74,"100,805",スタンドに押しかけた\nファンの期待を一身に背って\n1番人%h_pop1！,1003905|1003906|%h_pop1,100,0,0,
75,"100,805",さあ、今日の主役はこのウマ娘を置いて他にいない\n本日の1番人%h_pop1！,1003901|1003904|%h_pop1,100,0,0,
76,"100,805",威L堂々とスタ`トを待つのはこのウマ娘\n1番人%h_pop1！,1003903|1003906|%h_pop1,100,0,0,
77,"100,805",スタンドに押しかけた\nファンの期待を一身に背って\n1番人%h_pop1！,1003905|1003902|%h_pop1,100,0,0,
78,"100,805",さあ、今日の主役は\nこのウマ娘を置いて他にいない\n1番人%h_pop1！,1003901|1003906|%h_pop1,100,0,0,
80,"100,805",スタンドに押しかけた\nファンの期待を一身に背って\n本日の1番人%h_pop1！,1003905|1003904|%h_pop1,100,0,0,
81,"100,806",抗するのは%h_pop2\n真っ向儇に注目だ,1004001|%h_pop2|1004002,100,0,0,
82,"100,806",2番人荬%h_pop2\ng力は1番人荬摔庖けを取りません,1004003|%h_pop2|1004004,100,0,0,
83,"100,806",さあ、2番人荬悉长文\n%h_pop2\n十分に倮を狙えますよ,1004005|%h_pop2|1004006,100,0,0,
84,"100,806",抗するのは%h_pop2\ng力は1番人荬摔庖けを取りません,1004001|%h_pop2|1004004,100,0,0,
85,"100,806",2番人荬%h_pop2\n十分に倮を狙えますよ,1004003|%h_pop2|1004006,100,0,0,
86,"100,806",さあ、2番人荬悉长文\n%h_pop2\n真っ向儇に注目だ,1004005|%h_pop2|1004002,100,0,0,
87,"100,806",抗するのは%h_pop2\n十分に倮を狙えますよ,1004001|%h_pop2|1004006,100,0,0,
88,"100,806",2番人荬%h_pop2\n真っ向儇に注目だ,1004003|%h_pop2|1004002,100,0,0,
89,"100,806",さあ、2番人荬悉长文\n%h_pop2\ng力は1番人荬摔庖けを取りません,1004005|%h_pop2|1004004,100,0,0,
90,"100,807",%h_pop3、F在、3番人\n注目株のウマ娘だ！,%h_pop3|1004101|1004102,100,0,0,
91,"100,807",%h_pop3、3番人荬扦\n下w上は起りうるのか！？,%h_pop3|1004103|1004104,100,0,0,
93,"100,807",%h_pop3、F在、3番人\n下w上は起りうるのか！？,%h_pop3|1004101|1004104,100,0,0,
94,"100,807",%h_pop3、3番人荬扦\ng力はg`いなく上位です！,%h_pop3|1004103|1004106,100,0,0,
96,"100,807",%h_pop3、F在、3番人\ng力はg`いなく上位です！,%h_pop3|1004101|1004106,100,0,0,
97,"100,807",%h_pop3、3番人荬扦\n注目株のウマ娘だ！,%h_pop3|1004103|1004102,100,0,0,
99,"100,808",注目の%h_player、%p_waku_banでの出走,1088201|%h_player|%p_waku_ban,100,0,0,
100,"100,999",各ウマ娘、ゲ`トに入って体菡いました,1000901,100,0,0,
101,"100,999",ゲ`トイン完了\n出走の浃整いました,1001001,100,0,0,
102,"102,000",スタ`ト！,%w_0.2|1004201|%w_0.2,100,0,0,
103,"102,000",スタ`トです,%w_0.2|1004301|%w_0.2,100,0,0,
104,"102,000",さあゲ`トが_いた,%w_0.2|1004401|%w_0.2,100,0,0,
105,"102,000",今スタ`トが切られました,%w_0.2|1004501|%w_0.2,100,0,0,
106,"102,001",%horse1、真っ先に跳びだした,%horse1|1004601,100,0,0,
107,"102,001",%horse1\nこれは素晴らしいスタ`トです！,%horse1|1004801,100,0,0,
108,"102,001",好ダッシュをせ%horse_ta1,1040401|%horse_ta1,100,0,0,
110,"102,001",%horse1いいスタ`トだ,%horse1|1040201,100,0,0,
111,"102,001",%horse1、跳びだしていった,%horse1|1040701,100,0,0,
112,"102,001",いいスタ`トを切っ%horse_ta1,1040801|%horse_ta1,100,0,0,
113,"102,001",%horse1、好スタ`ト,%horse1|1040901,100,0,0,
114,"102,001",%horse1、好ダッシュをせています,%horse1|1041001,100,0,0,
115,"102,002",~好の立ちあがりを\nせ%horse_ta1\nAいて、%horse2,1004701|%horse_ta1|1004702|%horse2,100,"100,021",0,
116,"102,003",各ウマ娘、まずはoyな走りだしといったところ,1004901,100,"100,024",0,
117,"102,004",おっと！　%horse1、出Wれた！\n後方からのレ`スとなりました,1005301|%horse1|1005302,100,0,0,
118,"102,004",おっと！　%horse1\n出Wれてしまったか！？,1005101|%horse1|1005102,100,0,0,
119,"102,004",%horse1\n出Wれ最後方からのレ`スになった,%horse1|1040301,100,0,0,
120,"102,004",%horse1\nちょっとつまずく形で後方からのスタ`ト,%horse1|1040601,100,0,0,
121,"102,004",%horse1、ちょっと出Wれた,%horse1|1041101,100,0,0,
122,"102,004",%horse1、かなり出Wれた,%horse1|1041201,100,0,0,
123,"102,005",少々バラついたスタ`トになりました,1005201,100,"100,027",0,
124,"102,006",各ウマ娘、そろってキレイなスタ`トを切りました！,1005001,100,"100,025",0,
125,"102,006",各ウマ娘、きれいなスタ`トを切りました,1040101,100,"100,025",0,
127,"103,000",%h_rank1先^に立ちました,%h_rank1|1042201,100,0,0,
128,"103,000",先^を行っ%h_rank_ta1,1005401|%h_rank_ta1,100,0,0,
129,"103,000",先^をlけます、%h_rank1,1006401|%h_rank1,100,0,0,
130,"103,000",ハナをZっていっ%h_rank_ta1,1041301|%h_rank_ta1,100,0,0,
131,"103,001",1番人荨%h_pop1、早くも先^,1005501|%h_pop1|1005502,100,0,0,
132,"103,001",%h_pop1先^に立つのか,%h_pop1|1041601,100,0,0,
133,"103,001",やはり、%h_pop1,1041501||%h_pop1,100,0,0,
134,"103,001",注目株の%h_pop1、F在トップ！,1007901|%h_pop1|1007902,100,0,0,
136,"103,003",%h_rank_a1%h_rank_to2\nこのふたりがり合っているぞ,%h_rank_a1|%h_rank_to2|1005701,100,0,0,
137,"103,004",さあ、後Aをxして\n先^に立っ%h_rank_ta1,1005801|%h_rank_ta1,100,0,0,
138,"103,004",最高の立ちあがりを\nせ%h_rank_ta1！,1005901|%h_rank_ta1,100,0,0,
139,"103,005",%h_rank1、早くも先^にSり出た,%h_rank1|1006002,100,0,0,
140,"103,006",さあ、ハナに立っ%h_rank_ta1\nこのままリ`ドすることができるか？,1006101|%h_rank_ta1|1006102,100,0,0,
141,"103,006",先^は、%h_rank1\ng身でwばしていきます,1006201|%h_rank1|1006202,100,0,0,
142,"103,007",さあ、激しい先行争いで\n前にで%h_rank_ta1,1006301|%h_rank_ta1,100,0,0,
143,"103,008",さあ、期待に辘à啤%h_pop1！\n逃げる逃げる、早くも先^！,1006501||%h_pop1|1006502,100,0,0,
144,"103,009",Aいて、%h_rank2,1006601|%h_rank2,100,0,0,
145,"103,009",Aきました%h_rank2,1041701|%h_rank2,100,0,0,
146,"103,010",%h_rank1、%h_rank2\nふたりのり合いはAいている,%h_rank1|%h_rank2|1006701,100,"100,044",0,
147,"103,010",%h_rank_a1%h_rank_to2\nふたりともハナはjりません,%h_rank_a1|%h_rank_to2|1006801,100,"100,044",0,
148,"103,010",%h_rank_a1%h_rank_to2\n序Pからやりあっています,%h_rank_a1|%h_rank_to2|1006901,100,"100,044",0,
149,"103,011",2番手の位置で先^をうかがうのは\n%h_rank2！,1007001|%c_0.12|%h_rank2,100,0,0,
150,"103,012",先^から大きくxされて\n2番手は、%h_rank2！,1007101|%h_rank2,100,0,0,
152,"103,013",激しい先^争い,2052001,100,0,0,
153,"103,013",早くも激しいり合い,1081501,100,0,0,
155,"103,015",%h_pop1、F在最後方！\n失策……はたまた狙いどおりかっ！？,%h_pop1|1007401,100,"100,075",0,
156,"103,015",F在、最後方は\n1番人荬%h_pop1\nこの状rをどうますか？,1008101|%h_pop1|1008102,100,"100,075",0,
159,"103,016",期待どおりのY果をだせるか？\n1番人荨%h_pop1！,1008501|%c_0.12|%h_pop1,100,0,0,
160,"103,017",苦しい椁いいられている\n%h_pop1、ここからどうでる？,1008701|%h_pop1|1008702,100,0,0,
161,"103,020",注目の%h_pop1\n少し後方に位置取りましたね？,1008001|%h_pop1|1008002,100,"100,074",0,
162,"103,018",先行争いは%h_rank1\n%h_rank2、%h_rank3,1041401|%h_rank1|%h_rank2|%h_rank3,100,0,0,
163,"103,019",L丁訾韦长违飑`スですが\n%h_rank1\n早くも先^にSり出た,1006001|%h_rank1|1006002,100,0,0,
164,"105,000",先^はあったまま！\nこれは直儇になるか！？,2013701|2013702,100,0,0,
165,"105,000",まだ先^は婴ない！\nこのまま直での争いになるのか！？,2013703|2013704,100,0,0,
166,"105,000",互いに脚を溜めている展_！\nはたしてiけ出すのはlだ！？,2013705|2013706,100,0,0,
167,"105,000",先^はあったまま！\nこのまま直での争いになるのか！？,2013701|2013704,100,0,0,
168,"105,000",まだ先^は婴ない！\nはたしてiけ出すのはlだ！？,2013703|2013706,100,0,0,
169,"105,000",互いに脚を溜めている展_！\nこれは直儇になるか！？,2013705|2013702,100,0,0,
170,"105,000",先^はあったまま！\nはたしてiけ出すのはlだ！？,2013701|2013706,100,0,0,
171,"105,000",まだ先^は婴ない！\nこれは直儇になるか！？,2013703|2013702,100,0,0,
172,"105,000",互いに脚を溜めている展_！\nこのまま直での争いになるのか！？,2013705|2013704,100,0,0,
173,"105,001",儇は最後の直に持ちこされた！,2013801,100,0,0,
174,"105,001",この直で儇がQまるぞ！,2013901,100,0,0,
175,"105,001",さあいよいよ直だ！\nどのタイミングでlが仕欷堡毪韦！？,2014001|2014002,100,0,0,
176,"106,000",最Kコ`ナ`\n最初に立ちあがっ%h_rank_ta1,2014101|2014102|%h_rank_ta1,100,0,0,
177,"106,000",最後のコ`ナ`\n最初にlけiけてき%h_rank_ta1,2014103|2014104|%h_rank_ta1,100,0,0,
178,"106,000",最Kコ`ナ`を曲がって\n先を切っ%h_rank_ta1,2014105|2014106|%h_rank_ta1,100,0,0,
179,"106,000",最Kコ`ナ`\n最初にlけiけてき%h_rank_ta1,2014101|2014104|%h_rank_ta1,100,0,0,
180,"106,000",最後のコ`ナ`\n先を切っ%h_rank_ta1,2014103|2014106|%h_rank_ta1,100,0,0,
181,"106,000",最Kコ`ナ`を曲がって\n最初に立ちあがっ%h_rank_ta1,2014105|2014102|%h_rank_ta1,100,0,0,
182,"106,000",最Kコ`ナ`\n先を切っ%h_rank_ta1,2014101|2014106|%h_rank_ta1,100,0,0,
183,"106,000",最後のコ`ナ`\n最初に立ちあがっ%h_rank_ta1,2014103|2014102|%h_rank_ta1,100,0,0,
184,"106,000",最Kコ`ナ`を曲がって\n最初にlけiけてき%h_rank_ta1,2014105|2014104|%h_rank_ta1,100,0,0,
185,"106,000",さあ最Kコ`ナ`を曲がって\n最後の直コ`スに入った,1044801,100,0,0,
186,"106,001",スタンド前に入って、各ウマ娘が一扭送护Mむ！,2014201|2014202,100,0,0,
187,"106,001",さあ、ここからが儇どころです！,2014203|2014204,100,0,0,
188,"106,001",ゴ`ルが近づいてきて、もう一段ギアが入ったぞ！,2014205|2014206,100,0,0,
189,"106,001",スタンド前に入って、もう一段ギアが入ったぞ！,2014201|2014206,100,0,0,
190,"106,001",ゴ`ルが近づいてきて、各ウマ娘が一扭送护Mむ！,2014205|2014202,100,0,0,
191,"108,000",ゴ`ル前は横一！？,3021801,100,0,0,
192,"108,001",前はふたりがしのぎを削る！,2016601,100,0,0,
193,"108,001",最後はふたりの迫り合いだ！,2016701,100,0,0,
194,"108,001",先^ふたりのり合いだ！,3021901,100,0,0,
195,"108,001",先^はふたりの一T打ち！,2020101,100,0,0,
196,"108,002",3人横一！これはけられない椁い溃,2016401|2016402,100,0,0,
197,"108,002",3人ならんでの意地のり合い！,2016501,100,0,0,
198,"108,002",%h_rank1、%h_rank2\n%h_rank3、横一にKんだ,%h_rank1|%h_rank2|%h_rank3|2051801,100,0,0,
199,"108,002",%h_rank1、%h_rank2\n%h_rank3、横一にKんだ,%h_rank1|%h_rank2|%h_rank3|2055301,100,0,0,
200,"108,002",%h_rank1、%h_rank2\n%h_rank3、さあ横一だ,%h_rank1|%h_rank2|%h_rank3|2055401,100,0,0,
201,"108,002",%h_rank1、%h_rank2\n%h_rank3、三つ巴の椁い扦梗,%h_rank1|%h_rank2|%h_rank3|2055501,100,0,0,
202,"108,003",4番手まで大混椋,3022101,100,0,0,
203,"108,004",ここから、なんと……%horse1！？,3022201|%horse1,100,0,0,
205,"108,006",肓窑圣钎氓丧药`ト！,2016201,100,0,0,
206,"108,006",まだ儇はAく、Aいている！,2016301|2016302,100,0,0,
207,"108,007",先^は%h_rank1！,3022501|%h_rank1,100,0,0,
208,"108,007",先^は%h_rank1,2014401|%h_rank1,100,0,0,
209,"108,007",先^は%h_rank1,2014501|%h_rank1,100,0,0,
210,"108,007",先^は、%h_rank1！,2014401|%h_rank1,100,0,0,
211,"108,008",先^は依然、%h_rank1！,2012601|%h_rank1,100,0,0,
212,"108,008",先^は浃铯椁骸%h_rank1,2012701|%h_rank1,100,0,0,
213,"108,008",先^は、%h_rank1、浃铯椁胜ぃ,2014501|%h_rank1|2014502,100,0,0,
214,"108,009",先^は、%h_rank1\nこのままいくのか！？,2014401|%h_rank1|2014402,100,0,0,
215,"108,010",%h_rank1！,%h_rank1,100,0,0,
216,"108,010",%h_rank_l1！,%h_rank_l1,100,0,0,
217,"109,003",%h_rank_l1！\n大差で今、ゴ`ルイン！\nR倒的なg力差をせつけ、レ`スを制した！,%h_rank_l1|3022601|3022602,100,0,0,
218,"109,000",%h_rank_l1！\nこれは完璧な倮です！\n他の追随をまるでSさなかったぞ！,%h_rank_l1|3022701|3022702,100,0,0,
219,"109,000",%h_rank_l1！\nいとしか言えない走り！\n次のレ`スが今からSしみです！,%h_rank_l1|3022801|3022802,100,0,0,
220,"109,000",%h_rank_l1！い走りだ！\nこのレ`スの主役はg`いなくこの娘でした！,%h_rank_l1|3023301|3023302,100,0,0,
221,"109,001",ふたりがKんでゴ`ルイン！\n%h_rank1、体萦欣か！？,3023801|%h_rank1|3023802,100,0,0,
222,"109,001",ほぼ同rにゴ`ルイン！\n%h_rank1、わずかに体萦欣か！？,3023901|%h_rank1|3023902,100,0,0,
224,"109,001",%h_rank_a1%h_rank_to2\nふたりKんでゴ`ルイン！,%h_rank_a1|%h_rank_to2|3036401,100,0,0,
227,"109,002",3人Kんでのゴ`ルイン！！\n%h_rank1、わずかに体萦欣か！？,3024201|%h_rank1|3024202,100,0,0,
228,"109,002",3人がほぼ同r！\nわずかに%h_rank1、体萦欣か！？,3022001|%h_rank1|3037001,100,0,0,
229,"109,004",一群がなだれzんでゴ`ルイン！,3024301,100,0,0,
230,"109,004",大接椋　〈蠼椁违穿`ル！,3024601,100,0,0,
231,"109,005",大S伽溃\n%h_rank1、ゴ`ルイン！\nRの走りでレ`スを制した！,3022901|%h_rank1|3022902|3022903,100,0,0,
232,"109,005",さをせつけて、%h_rank1\nゴ`ル板をlけiけた！　これは事な走り！,3023001|%h_rank1|3023002|3023003,100,0,0,
233,"109,005",後ろを突き放して、%h_rank1\n今倮です！　この娘に长ΕΕ弈铯悉い毪韦！？,3023101|%h_rank1|3023102|3023103,100,0,0,
234,"109,005",大S伽溃　%h_rank1\nゴ`ル板をlけiけた！\nこれは事な走り！,3022901|%h_rank1|3023002|3023003,100,0,0,
235,"109,005",さをせつけて、%h_rank1\n今倮です！　この娘に长ΕΕ弈铯悉い毪韦！？,3023001|%h_rank1|3023102|3023103,100,0,0,
236,"109,005",後ろを突き放して、%h_rank1\nゴ`ルイン！　Rの走りでレ`スを制した！,3023101|%h_rank1|3022902|3022903,100,0,0,
237,"109,005",大S伽溃　%h_rank1\n今倮です！　この娘に长ΕΕ弈铯悉い毪韦！？,3022901|%h_rank1|3023102|3023103,100,0,0,
238,"109,005",さをせつけて、%h_rank1\nゴ`ルイン！　Rの走りでレ`スを制した！,3023001|%h_rank1|3022902|3022903,100,0,0,
239,"109,005",後ろを突き放して、%h_rank1\nゴ`ル板をlけiけた！　これは事な走り！,3023101|%h_rank1|3023002|3023003,100,0,0,
240,"109,006",%h_rank_l1！\n1着でゴ`ルイン！\ng力をz憾なくk]しレ`スを制した！,%h_rank_l1|3023201|3023202,100,0,0,
241,"109,006",お事！　%h_rank_l1！\n着差以上のさをせた事な倮です！,3023401|%h_rank_l1|3023402,100,0,0,
242,"109,007",1着は%h_rank_l1！\n他のウマ娘たちをねじ伏せ、レ`スを制した！,3023501|%h_rank_l1|3023502,100,0,0,
243,"109,007",伽%h_rank_ta1！\n事な走りで、倮を手中におさめました！,3023601|%h_rank_ta1|3023602,100,0,0,
244,"109,007",やりました！　%h_rank_l1！\n最後、意地をせて、压冥蚴证摔筏蓼筏浚,3023701|%h_rank_l1|3023702,100,0,0,
245,"109,007",1着は%h_rank_l1！\n事な走りで、倮を手中におさめました！,3023501|%h_rank_l1|3023602,100,0,0,
246,"109,007",伽%h_rank_ta1！\n最後、意地をせて、压冥蚴证摔筏蓼筏浚,3023601|%h_rank_ta1|3023702,100,0,0,
247,"109,007",やりました！　%h_rank_l1！\n他のウマ娘たちをねじ伏せ、レ`スを制した！,3023701|%h_rank_l1|3023502,100,0,0,
248,"109,007",1着は%h_rank_l1！\n最後、意地をせて、压冥蚴证摔筏蓼筏浚,3023501|%h_rank_l1|3023702,100,0,0,
249,"109,007",伽%h_rank_ta1！\n他のウマ娘たちをねじ伏せ、レ`スを制した！,3023601|%h_rank_ta1|3023502,100,0,0,
250,"109,007",やりました！　%h_rank_l1！\n事な走りで、倮を手中におさめました！,3023701|%h_rank_l1|3023602,100,0,0,
258,"109,012",伽%h_rank_ta1！,3024701|%h_rank_ta1,100,0,0,
259,"109,012",%h_rank_l1！　倮をった！,%h_rank_l1|3025001,100,0,0,
260,"109,012",%h_rank_l1、事に制しました,%h_rank_l1|3037401,100,0,0,
261,"109,012",%race_wo！\n%h_rank_l1、事な倮だ！,%race_wo|%h_rank_l1|3024801,100,0,0,
262,"109,202",%h_rank_l1！　事に完伲\n%race_wo！,%h_rank_l1|3024901|%race_wo,100,0,0,
263,"109,202",%race_wo！\n%h_rank_no1完伽扦筏浚,%race_wo|%h_rank_no1|3025101,100,0,0,
264,"109,012",%h_rank_l1！\n%race_wo！,%h_rank_l1|%race_wo,100,0,0,
265,"109,009",%h_rank_l1、今1着でゴ`ルイン,%h_rank_l1|3036501,100,0,0,
266,"109,009",%h_rank_l1、今ゴ`ルイン,%h_rank_l1|3036801,100,0,0,
267,"109,010",%h_rank_l1、差しきってゴ`ル！,%h_rank_l1|3036601,100,0,0,
269,"109,011",2着は%h_rank_l2,3037301|%h_rank_l2,100,0,0,
270,"109,011",2着%h_rank_l2\n3着%h_rank_l3,3024401|%h_rank_l2|3024402|%h_rank_l3,100,0,0,
271,"109,011",2着には%h_rank_l2\n3着は%h_rank_l3,3024403|%h_rank_l2|3024404|%h_rank_l3,100,0,0,
272,"109,011",2着は%h_rank_l2\n3着に入っ%h_rank_ta3,3024405|%h_rank_l2|3024406|%h_rank_ta3,100,0,0,
273,"109,011",2着%h_rank_l2\n3着は%h_rank_l3,3024401|%h_rank_l2|3024404|%h_rank_l3,100,0,0,
274,"109,011",2着には%h_rank_l2\n3着に入っ%h_rank_ta3,3024403|%h_rank_l2|3024406|%h_rank_ta3,100,0,0,
275,"109,011",2着は、%h_rank_l2\n3着は%h_rank_l3,3024405|%h_rank_l2|3024404|%h_rank_l3,100,0,0,
276,"109,011",2着%h_rank_l2\n3着に入っ%h_rank_ta3,3024401|%h_rank_l2|3024406|%h_rank_ta3,100,0,0,
277,"109,011",2着には%h_rank_l2\n3着%h_rank_l3,3024403|%h_rank_l2|3024402|%h_rank_l3,100,0,0,
278,"109,011",2着は%h_rank_l2\n3着は%h_rank_l3,3024405|%h_rank_l2|3024404|%h_rank_l3,100,0,0,
280,"109,013",あざやかに差しきっ%h_rank_ta1,3037101|%h_rank_ta1,100,0,0,
281,"109,013",%h_rank_l1、差しきった！,%h_rank_l1|3037201,100,0,0,
284,"109,015",死力を尽くした消耗\n伽%h_rank_ta1,3092501|%h_rank_ta1,100,0,0,
285,"109,016",1着は%h_rank1\n最後はヘロヘロになりながらも\n何とか逃げ切りました,3092601|%h_rank1|3092602,100,0,0,
286,"109,015",苦しかったこのレ`ス\n最後の最後に笑っ%h_rank_ta1,3092701|%h_rank_ta1,100,0,0,
287,"109,100",これはかった%h_rank_l1！\n日本の砂の上にもはや长悉い胜い韦～っ！,3025201|%h_rank_l1|3025202,100,0,0,
288,"109,101",最速スプリンタ`の名は\nやはりこのウマ娘にふさわしい！\n%h_rank_l1！,3025301|%h_rank_l1,100,0,0,
289,"109,102",%h_rank_l1！\n春の中距x最ウマ娘の称号を\n事に@得しました！,%h_rank_l1|3025401,100,0,0,
290,"109,103",伽%h_rank_ta1！\n今年もAれなき@の女王のQ生だ！,3025501|%h_rank_ta1|3025502,100,0,0,
291,"109,104",伽%h_rank_ta1！\nw月を制し、三冠の一角を手に入れました！,3025601|%h_rank_ta1|3025602,100,0,0,
292,"109,105",伽%h_rank_ta1！\nF役最の名を、事伽寥・盲浚,3025701|%h_rank_ta1|3025702,100,0,0,
293,"109,106",やりました、%h_rank_l1！\nここ、府中の芝で事、マイル王にxいた！,3025801|%h_rank_l1|3025802,100,0,0,
294,"109,107",しのぎを削る幛椁い蛑皮\n事女王の戴冠を\n受け%h_rank_ta1！,3025901|%h_rank_ta1,100,0,0,
295,"109,108",%h_rank1、完伽扦梗\n伽闻王の压冥\n手にし%h_rank_ta1！,%h_rank1|3026001|%h_rank_ta1,100,0,0,
296,"109,109",やった！　事倮し%h_rank_ta1！\nついに压猡违扩`ビ`制！！！,3026101|%h_rank_ta1|3026102,100,0,0,
297,"109,110",%h_rank1、伽沥蓼筏浚\n上半期のマイル女王の座に\nxい%h_rank_ta1！,%h_rank1|3026201|%h_rank_ta1,100,0,0,
298,"109,111",お事！　宝Vの主役を\n伽寥・%h_rank_ta1！\n簸颏なえた！,3026301|%h_rank_ta1|3026302,100,0,0,
299,"109,112",肓窑孰椁蛑皮%h_rank_ta1！\nスプリンタ`ズステ`クス、完伽溃,3026401|%h_rank_ta1|3026402,100,0,0,
300,"109,113",秋の京都に女王降R！\n%h_rank_l1！　事に秋Apを制した！,3026501|%h_rank_l1|3026502,100,0,0,
301,"109,114",伽%h_rank_ta1！\n菊の舞台で事、倮を掴んだ！,3026601|%h_rank_ta1|3026602,100,0,0,
302,"109,115",やったぞ、%h_rank_l1！\nKみ居る豪をねじ伏せ\n今、天皇p（秋）を制した！,3026701|%h_rank_l1|3026702,100,0,0,
303,"109,116",京都の坂を越え、%h_rank_l1\n今、堂々とした禄とともに女王が⑦した！,3026801|%h_rank_l1|3026802,100,0,0,
304,"109,117",%h_rank_l1\nKみ居るライバルを蹴散らして\n事マイル女王にxいた！,%h_rank_l1|3026901,100,0,0,
305,"109,118",やったぞ、%h_rank_l1！\nKみ居る刺客を返りち！　Rの倮だ！,3027001|%h_rank_l1|3027002,100,0,0,
306,"109,119",%h_rank_l1！\nチャンピオンズカップを制し\n名gともにダ`ト女王の座をZ取した！,%h_rank_l1|3027101,100,0,0,
307,"109,120",走の阪神に\nその名をあげ%h_rank_ta1！\nあらたなる女王のQ生だ！,3027201|%h_rank_ta1|3027202,100,0,0,
308,"109,121",伽%h_rank_ta1！\nこの娘こそ来年のクラシックの\n台Lの目となっていくのか！,3027301|%h_rank_ta1|3027302,100,0,0,
309,"109,122",簸违哎楗螗抓辘\n制し%h_rank_ta1！\n年末最後の大一番を制し\n压猡违互螗咯`の座を手に入れた！,3027401|%h_rank_ta1|3027402,100,0,0,
310,"109,123",%h_rank1、一等星のxきをせ\nクラシックへとがる道へ\n第1iを踏みだした！,%h_rank1|3027501,100,0,0,
315,"109,127",%h_rank_l1！やりました！\n%h_rank_no1チャレンジが\nここからはじまります！！！,%h_rank_l1|3092401|%h_rank_no1|3092402,100,0,0,
316,"109,128",ビギナ`椁\n伽沥がっ%h_rank_ta1！\n%h_rank1だ！\nリトルスタ`カップの点を目指し\n最高の滑り出しだ！,3028001|%h_rank_ta1|%h_rank1|3028002,100,0,0,
317,"109,129",苦しい椁いら\niけだし%h_rank_ta1！\n%h_rank_no1挑椁\nここからはじまるぞ！！！,3028101|%h_rank_ta1|%h_rank_no1|3028102,100,0,0,
318,"109,130",ヴァルゴで\n倮をあげ%h_rank_ta1！\nあらたなシ`ズンでは、アリエスに挑むことになる！,3028201|%h_rank_ta1|3028202,100,0,0,
319,"109,131",アリエスを\n制し%h_rank_ta1！\n苦しい特の成果をだしきって\n事次のステップ、カシオペアにMみました！,3028301|%h_rank_ta1|3028302,100,0,0,
320,"109,132",カシオペアに守られ、最初にゴ`ルに\nwびzんだのは%h_rank1！\nリトルスタ`カップの点まで、あとひとつだ！,3028401|%h_rank1|3028402,100,0,0,
321,"109,133",ついにQ着！リトルスタ`カップの点は\n%h_rank_l1！\nトゥインクル?シリ`ズへのデビュ`に向け\n完璧なY果を残しました！,3028501|%h_rank_l1|3028502,100,0,0,
322,"109,134",やはりいぞ、%legend！\nR倒的な力を示し、リトルスタ`カップ生の\n壁として立ちはだかった！,3028601|%legend|3028602,100,0,0,
323,"109,135",今年は最世代なのかっ！？\n%h_rank1\nなんとなんとデビュ`前のウマ娘が\nレジェンドを打ちかしたぞっ！,3028701|%h_rank1|3028702,100,0,0,
324,"109,300",%h_rank1\nこれはあざやかに直をlけiけました！,%h_rank1|3035301,100,0,0,
334,"112,009",残り1000mを通^,1029701,100,0,0,
340,"112,012",残り400,2030101,100,0,0,
341,"112,012",400を切りました,2043901,100,0,0,
342,"112,012",压猡蓼400,2044001,100,0,0,
343,"112,013",残り200,2030201,100,0,0,
344,"112,013",200を通^,2044901,100,0,0,
347,"112,015",1コ`ナ`からそして2コ`ナ`へ\n向かっていきます,1042401,100,0,0,
348,"112,015",1コ`ナ`から2コ`ナ`へ向かう,1042501,100,0,0,
349,"112,015",さあ1コ`ナ`から2コ`ナ`へ\n向かっていくウマ娘たち,1043101,100,0,0,
350,"112,015",第1コ`ナ`まわって第2コ`ナ`,1030301,100,0,0,
351,"112,022",第2コ`ナ`をiけ、向こう正面に入った,1030401,100,0,0,
352,"112,022",2コ`ナ`まわって向こう正面,1043001,100,0,0,
356,"112,020",第4コ`ナ`をMんで直へ向かう,1030601,100,0,0,
357,"112,020",第4コ`ナ`カ`ブ,1044101,100,0,0,
358,"112,020",まもなく第4コ`ナ`カ`ブ,1046001,100,0,0,
359,"112,022",向こう正面に入って\n先^は%h_rank1,1034101|%h_rank1,100,0,0,
360,"112,021",向こう正面に入って先^からシンガリまで\nおよそ%basin,1045701|%basin,100,0,0,
361,"112,023",2周目の向こう正面、各ウマ娘たちの婴が\n激しくなっています,1034301,30,0,0,
362,"112,024",2周目の向こう正面に入って\n浃铯椁合阮^を突きMみます\n%h_rank1,1034201|%h_rank1,100,0,0,
363,"112,025",まずは1周目、正面スタンド前にあがっていく,1045101,100,0,0,
364,"112,025",まずは1周目、正面スタンド前に入った,1045201,100,0,0,
365,"112,025",1周目の直\nスタンドの大Z声に迎えられながら\nウマ娘たちが走りiける,1034001,100,0,0,
367,"112,025",1目のホ`ムストレッチです,1042601,100,0,0,
368,"112,025",1周目のスタンド前にかかっていく,1042701,100,0,0,
370,"112,027",向こう正面中gに入っていく,1042901,100,0,0,
372,"112,016",これから第2コ`ナ`へかかっていきます,1043401,100,0,0,
385,"112,100",第3コ`ナ`の淀の坂をくだる！,1030701,100,0,0,
386,"112,101",大ケヤキを越え、4コ`ナ`へ,1030801,100,0,0,
387,"112,102",さあこれから坂！\n仁川の舞台はこれから坂がある！,1030901,100,0,0,
388,"112,103",さあ、「荒れる福u」、ここからどうなるか？,1031001,100,0,0,
389,"112,104",訾浃なLを肌に感じる札幌の地,1031101,100,0,0,
390,"112,105",第2コ`ナ`の丘を越え直へ,1031201,100,0,0,
391,"112,106",新の直はまだまだここからが正念觯,1031301,100,0,0,
392,"112,107",ここは第3コ`ナ`、桶狭gポイント！,1031401,100,0,0,
393,"112,108",中山の直は短いぞ！\nうしろの娘たちはgに合うか？,1031501,100,0,0,
394,"112,109",津X海峡からのLが冷たく]を打つ函^のタ`フ,1031601,100,0,0,
395,"112,110",^酷なリトルスタ`カップを伽iくのは\nどのウマ娘だ！？,1031701,100,0,0,
396,"112,200",芝からダ`トに入ります,1033801,100,0,0,
397,"112,111",%h_player、大ケヤキを越え、4コ`ナ`へ,%h_player|1030801,100,0,0,
431,"112,310",%horse1\nちょっとよれました,%horse1|2095601,100,0,0,
432,"112,310",%horse1\n少し不利があったようです,%horse1|2095701,100,0,0,
509,"113,000",そしてその外から\n行っ%horse_ta2,1074601|%horse_ta2,100,0,1,
510,"113,000",外をとおりまして%horse2,1074701|%horse2,100,0,1,
511,"113,000",そして外めを\nつきましては%horse2,1074801|%horse2,100,0,1,
512,"113,000",外から外から！　%horse2,1074901|%horse2,100,0,1,
513,"113,000",外%horse2,1075001|%horse2,100,0,1,
514,"113,000",外から%horse2,1075101|%horse2,100,0,1,
515,"113,000",外には%horse2,1075201|%horse2,100,0,1,
516,"113,000",外で%horse2,1075301|%horse2,100,0,1,
517,"113,000",そしてその外を\nまわって%horse2,1075401|%horse2,100,0,1,
518,"113,000",外めをついて%horse2,1075501|%horse2,100,0,1,
519,"113,000",外をまわって%horse2,1075601|%horse2,100,0,1,
520,"113,000",外をまわります%horse2,1076401|%horse2,100,0,1,
521,"113,002",そしてその外%horse2,1076501|%horse2,100,0,1,
522,"113,001",そしてその内から\n行っ%horse_ta2,1072301|%horse_ta2,100,0,1,
523,"113,001",そして内めを\nつきましては%horse2,1072401|%horse2,100,0,1,
524,"113,001",内から内から！　%horse2,1072501|%horse2,100,0,1,
525,"113,001",内%horse2,1072601|%horse2,100,0,1,
526,"113,001",内から%horse2,1072701|%horse2,100,0,1,
527,"113,001",内には%horse2,1072801|%horse2,100,0,1,
528,"113,001",内で%horse2,1072901|%horse2,100,0,1,
529,"113,001",そしてその内を\nまわって%horse2,1073001|%horse2,100,0,1,
530,"113,001",内をついて%horse2,1073101|%horse2,100,0,1,
531,"113,001",内をまわって%horse2,1073201|%horse2,100,0,1,
532,"113,001",内を周ります%horse2,1074101|%horse2,100,0,1,
533,"113,001",内のほうから%horse2,1073501|%horse2,100,0,1,
534,"113,001",そしてその内%horse2,1074201|%horse2,100,0,1,
535,"113,002",さらに外%horse2,1075701|%horse2,100,0,1,
536,"113,002",さらに外から%horse2,1075801|%horse2,100,0,1,
537,"113,002",さらにその外からは%horse2,1076601|%horse2,100,0,1,
538,"113,003",さらに内%horse2,1073301|%horse2,100,0,1,
539,"113,003",さらに内から%horse2,1073401|%horse2,100,0,1,
540,"113,003",さらにその内からは%horse2,1074301|%horse2,100,0,1,
541,"113,004",あとは%horse2,1076901|%horse2,100,0,1,
542,"113,004",そしてそのうしろから\n行くのは%horse2,1077001|%horse2,100,0,1,
543,"113,004",そして%horse2,1077101|%horse2,100,0,1,
544,"113,004",そのあと%horse2,1077201|%horse2,100,0,1,
545,"113,004",そのあとから%horse2,1077301|%horse2,100,0,1,
546,"113,004",そのうしろ%horse2,1077401|%horse2,100,0,1,
547,"113,004",そのうしろから%horse2,1077501|%horse2,100,0,1,
548,"113,004",そしてその後方には%horse2,1077801|%horse2,100,0,1,
549,"113,004",そのうしろに%horse2,1077901|%horse2,100,0,1,
550,"113,004",うしろ%horse2,1078001|%horse2,100,0,1,
551,"113,004",あとから%horse2,1078101|%horse2,100,0,1,
553,"113,005",その内Kんで%horse1,1074401|%horse1,100,0,1,
554,"113,006",その外Kんで%horse1,1076701|%horse1,100,0,1,
557,"113,007",%horse1Kびかけてきた,%horse1|2048501,100,0,1,
558,"113,007",%horse1Kんできた,%horse1|2048601,100,0,1,
559,"113,007",%horse1Kんでくる,%horse1|2048701,100,0,1,
591,"113,012",%horse2追走,%horse2|1062501,100,0,1,
592,"113,012",差がなく%horse2,1067501|%horse2,100,0,1,
593,"113,012",すぐにAいて%horse2,1010901|%horse2,100,0,1,
594,"113,012",%horse2Aいている,%horse2|1039401,100,0,1,
595,"113,013",少しxれて%horse2,1038601|%horse2,100,0,1,
596,"113,013",少しうしろから%horse2,1038701|%horse2,100,0,1,
597,"113,013",それをるように%horse2,1039301|%c_0.05|%horse2,100,0,1,
599,"113,015",1バ身xれて%horse2,1062601|%horse2,100,0,1,
600,"113,015",1バ身差%horse2,1069601|%horse2,100,0,1,
601,"113,016",2バ身xれて%horse2,1062701|%horse2,100,0,1,
602,"113,016",2バ身差%horse2,1069701|%horse2,100,0,1,
603,"113,017",2バ身、3バ身_いて%horse2,1067201|%horse2,100,0,1,
604,"113,018",3バ身xれて%horse2,1062801|%horse2,100,0,1,
605,"113,018",3バ身差%horse2,1069801|%horse2,100,0,1,
606,"113,019",そのあと\n3、4バ身_いて%horse2,1067401|%c_0.05|%horse2,100,0,1,
607,"113,020",4バ身xれて%horse2,1062901|%horse2,100,0,1,
608,"113,020",4バ身差%horse2,1069901|%horse2,100,0,1,
609,"113,021",5バ身xれて%horse2,1063001|%horse2,100,0,1,
610,"113,021",5バ身差%horse2,1070001|%horse2,100,0,1,
611,"113,021",およそ5バ身_いて%horse2,1067301|%horse2,100,0,1,
618,"113,027",大きくxれて%horse2,1063201|%horse2,100,0,1,
619,"113,028",内から行く%horse1,1041801|%horse1,100,0,1,
620,"113,028",%horse1内から行く,%horse1|1041801,100,0,1,
621,"113,029",%horse1外から行く,%horse1|1041901,100,0,1,
622,"113,029",外から行く%horse1,1041901|%horse1,100,0,1,
624,"113,031",%horse1、この位置につけています,%horse1|1057801,100,0,1,
625,"113,031",%horse1、ここにいます,%horse1|1057901,100,0,1,
626,"113,031",%horse1、ここにいた,%horse1|1058001,100,0,1,
627,"113,032",さらに%horse1,1038901|%horse1,100,0,1,
628,"113,032",さらには%horse1,1039001|%horse1,100,0,1,
629,"113,033",位を振り返っていきます,1010201,100,0,0,
632,"113,100",先^は%h_rank1\n10バ身以上のリ`ド！,1010501|%h_rank1|1010502,100,0,0,
633,"113,101",先^、%h_rank1\nレ`スはよどみなくMんでいます,1010601|%h_rank1|%w_0.02|1010602,100,0,0,
634,"113,101",先^は依然、%h_rank1\n%basin_l,2012601|%h_rank1|%basin_l,100,0,0,
635,"113,101",先^は浃铯椁骸%h_rank1,2012701|%h_rank1,100,0,0,
636,"113,101",先^はあいかわらず、%h_rank1,1037801|%h_rank1,100,0,0,
637,"113,101",依然先^は%horse1,1038501|%horse1,100,0,0,
638,"113,101",依然として%h_rank1,1058101|%h_rank1,100,0,0,
639,"113,101",%h_rank1\nまだリ`ドをキ`プしています,%h_rank1|1037901,100,0,0,
640,"113,102",F在1番手は、%h_rank1,1010701|%h_rank1,100,0,0,
642,"113,103",F在1番手は、%h_rank1\nここで先^が入れ替わった,1010701|%h_rank1|1010702,100,0,0,
643,"113,103",ここで先^は%h_rank1,1067801|%h_rank1,100,0,0,
644,"113,103",そしてここで先^は%h_rank1,1067901|%h_rank1,100,0,0,
645,"113,103",そしてここで先^は%h_rank1,1078901|%h_rank1,100,0,0,
646,"113,103",さあ、%h_rank1、ここで先^です,1079001|%h_rank1|1079002,100,0,0,
647,"113,103",さあ、先^に立っ%h_rank_ta1,1079101|%h_rank_ta1,100,0,0,
648,"113,103",さあ、先^に立ちました\n%h_rank1,1079201|%h_rank1,100,0,0,
649,"113,105",大きく引きxされて\n2番手は%horse2,1010801|1010802|%horse2,100,0,0,
650,"113,105",かなりgが_いて\n2番手を走るのは%horse2,1010803|1010804|%horse2,100,0,0,
651,"113,105",この差は大丈夫なのか？\nF在2番手は%horse2,1010805|1010806|%horse2,100,0,0,
652,"113,105",大きく引きxされて\n2番手を走るのは%horse2,1010801|1010804|%horse2,100,0,0,
653,"113,105",かなりgが_いて\nF在2番手は%horse2,1010803|1010806|%horse2,100,0,0,
654,"113,105",この差は大丈夫なのか？\n2番手は%horse2,1010805|1010802|%horse2,100,0,0,
655,"113,105",大きく引きxされて\nF在2番手は%horse2,1010801|1010806|%horse2,100,0,0,
656,"113,105",かなりgが_いて\n2番手は%horse2,1010803|1010802|%horse2,100,0,0,
657,"113,105",この差は大丈夫なのか？\n2番手を走るのは%horse2,1010805|1010804|%horse2,100,0,0,
660,"113,107",内から2番手%horse2！,2015701|%horse2,100,0,0,
662,"113,109",2番手に外から%horse2！,2016001|%horse2,100,0,0,
670,"113,112",%h_rank3、3番手,%h_rank3|1058501,100,0,0,
671,"113,112",3番手には%h_rank3,1060201|%h_rank3,100,0,0,
672,"113,112",3番手、%h_rank3,1063401|%h_rank3,100,0,0,
673,"113,112",3番手に%h_rank3,1065101|%h_rank3,100,0,0,
674,"113,113",%h_rank4、4番手,%h_rank4|1058601,100,0,0,
675,"113,113",4番手には%h_rank4,1060301|%h_rank4,100,0,0,
676,"113,113",4番手、%h_rank4,1063501|%h_rank4,100,0,0,
677,"113,113",4番手に%h_rank4,1065201|%h_rank4,100,0,0,
678,"113,114",%h_rank5、5番手,%h_rank5|1058701,100,0,0,
679,"113,114",5番手には%h_rank5,1060401|%h_rank5,100,0,0,
680,"113,114",5番手、%h_rank5,1063601|%h_rank5,100,0,0,
681,"113,114",5番手に%h_rank5,1065301|%h_rank5,100,0,0,
730,"113,127",最後方%horse1,1060001|%horse1,100,0,0,
734,"113,127",%horse1\n最後方からという体荬扦ります,%horse1|1078301,100,0,0,
735,"113,127",%horse1\n最後方からのレ`スになりました,%horse1|1078401,100,0,0,
738,"113,127",%horse1、最後方だ,%horse1|1038101,100,0,0,
739,"113,127",%horse1、F在シンガリだ,%horse1|1038201,100,0,0,
740,"113,127",そして最後方%horse1,1039101|%horse1,100,0,0,
741,"113,130",最後方、ぽつんとひとり\n%horse1,1060001|%c_0.01|1039201|%horse1,100,0,0,
742,"113,130",ぽつんとひとり%horse1,1039201|%horse1,100,0,0,
744,"113,128",後方2番手に%horse1,1037501|%horse1,100,0,0,
745,"113,129",%horse1\nなんと最後方からレ`スをMめていく,%horse1|1078501,100,0,0,
746,"113,129",%horse1\nなんと最後方の位置取りとなってしまいました,%horse1|1078601,100,0,0,
750,"113,131",ここまでが先^集,1092801,100,0,0,
751,"113,131",このあたりまでで、先^集猡蛐纬嗓筏皮い蓼,1092901,100,0,0,
752,"113,132",先^集猡%h_rank1,1093001|%h_rank1,100,0,0,
753,"113,133",先^集猡蛞ていきましょう,1093101,100,0,0,
766,"113,200",集猡子はいかがでしょうか？,2012201,100,"100,120",0,
768,"113,200",%h_pop1\n果たしてどうでしょうか？,%h_pop1|1008401,100,"100,078",0,
769,"113,201",%h_rank1、先^をキ`プ！\nこれは面白い展_だ！　このままMみますか？,%h_rank1|1007701,100,"100,069",0,
770,"113,201",%h_rank1、先^をMみますが\nこれは正解でしょうか？,%h_rank1|1007801,100,"100,072",0,
771,"113,201",意PPと先^を行きます\n%h_rank1！\nどうでしょう、この展_？,1008601|%h_rank1|1008602,100,"100,083",0,
776,"115,000",各ウマ娘一猡趣胜盲啤ダンゴ状Bの大混椋,1008801|1008802,100,"100,088",0,
777,"115,000",集猡ひとつにまとまって、混樽Bです！,1008803|1008804,100,"100,088",0,
778,"115,000",まだ恐皮筏っているのか\n互いに探り合いのままレ`スがMみます！,1008805|1008806,100,"112,592",0,
779,"115,001",先^から後方まで、kLの展_だ,1008901|1008902,100,"100,089",0,
780,"115,001",前から大きく_きました、g延びした展_です,1008903|1008904,100,"100,089",0,
781,"115,001",先^がやや早いのか、列はkLになっています,1008905|1008906,100,"100,089",0,
782,"115,001",先^から後方まで、g延びした展_です,1008901|1008904,100,"100,089",0,
783,"115,001",前から大きく_きました\n列はkLになっています,1008903|1008906,100,"100,089",0,
784,"115,001",先^がやや早いのか、kLの展_だ,1008905|1008902,100,"100,089",0,
785,"115,001",先^から後方まで、列はkLになっています,1008901|1008906,100,"100,089",0,
786,"115,001",前から大きく_きました、kLの展_だ,1008903|1008902,100,"100,089",0,
787,"115,001",先^がやや早いのか、g延びした展_です,1008905|1008904,100,"100,089",0,
890,"115,100",%h_rank1！　先^は\n%h_rank1！　これはい！,%h_rank1|2016801|%h_rank1|2016802,100,0,0,
892,"115,101",%h_rank1！\nこれはいっ！　余力を残したまま！,%h_rank1|2019101|2019102,100,0,0,
893,"115,101",%h_rank1！\nこれはQまったか！　後ろは大きくxれたぞ！,%h_rank1|2019201|2019202,100,0,0,
894,"115,500",%h_rank1！\nここから一荬摔沥るか！,%h_rank1|2019501,100,0,0,
895,"115,500",%h_rank1！\nこのまま押し切れるか！,%h_rank1|2019601,100,0,0,
896,"115,500",%h_rank1！\nけられない！　けられないぞ！,%h_rank1|2019701|2019702,100,0,0,
897,"115,102",追いあげてくる娘は、まだ2バ身うしろ！,2018201,100,0,0,
898,"115,103",%h_rank1、速い！　速い！\nもはや独走状B！,%h_rank1|2019301|2019302,100,0,0,
899,"115,103",%h_rank1、い！　すぎる！\n完全にiけ出した！,%h_rank1|2019401|2019402|2019403,100,0,0,
900,"115,104",%h_rank1、逃げる、逃げる！,%h_rank1|2012301|2012302,100,0,0,
901,"117,006",%h_rank1\n快{にwばしていきます,%h_rank1|2012401,100,0,0,
902,"115,104",%h_rank1\nこのまま最後まで行ってしまうのか？,%h_rank1|2012501,100,0,0,
903,"115,105",%h_rank1、%h_rank2\nり合っていく！,%h_rank1|%h_rank2|2014601,100,0,0,
904,"115,105",%h_rank_a1%h_rank_to2\nうようにあがっていく！,%h_rank_a1|%h_rank_to2|2014701,100,0,0,
905,"115,105",%h_rank_a1%h_rank_to2\nお互いに先^はjらない,%h_rank_a1|%h_rank_to2|2014801,100,0,0,
906,"115,106",先^%h_rank1\n2番手、3番手も食いさがる！,2014901|%h_rank1|2014902,100,0,0,
907,"115,106",先^は%h_rank1\nしかし2番手、3番手もAいているぞ！,2015001|%h_rank1|2015002,100,0,0,
908,"115,106",%h_rank1、先^！\nただ2番手、3番手との差はわずかだ,%h_rank1|2015101|2015102,100,0,0,
909,"115,107",先^%h_rank1\nしかしその差はわずか！,2015201|%h_rank1|2015202,100,0,0,
910,"115,108",iけだし%h_rank_ta1\nだが後Aも追いすがる！,2015301|%h_rank_ta1|2015302,100,0,0,
911,"115,200",内から仕欷%horse_ta1！,2012901|%horse_ta1,100,0,0,
912,"115,200",%horse1、内をつく！\nすごい脚だっ！？,%horse1|2020701|2020702,100,0,0,
915,"115,201",中で婴%horse_ta1！,2013001|%horse_ta1,100,0,0,
916,"115,201",中から%horse1！\n烈な追いあげ！？,2020801|%horse1|2020802,100,0,0,
918,"115,201",中ほどをついて%horse1！,2017301|%horse1,100,0,0,
919,"115,201",%horse1\n集猡伍gをpってiけだしていく,%horse1|2017201,100,0,0,
920,"115,202",外からあがってき%horse_ta1！,2013101|%horse_ta1,100,0,0,
921,"115,202",外から%horse1！　@的な末脚！？,2020901|%horse1|2020902,100,0,0,
922,"115,202",外からwんでき%horse_ta1！,2016101|%horse_ta1,100,0,0,
924,"115,202",外をまわっていっ%horse_ta1！,2017501|%horse_ta1,100,0,0,
925,"115,203",大外一荬死%horse_ta1！\nこれはすごい！？,2021001|%horse_ta1|2021002,100,0,0,
926,"115,203",大外から%horse1！\nすごい脚であがってきた！,2017601|%horse1|2017602,100,0,0,
927,"115,203",大外で仕欷%horse_ta1！,2013201|%horse_ta1,100,0,0,
928,"115,203",大外をまわらされてしまった\n%horse1\nそれでも一荬俗筏いげる！,2088601|%horse1|2088602,100,0,0,
929,"115,204",ここでいきました%horse1,2049001|%horse1,100,0,0,
930,"115,204",%horse1行きました,%horse1|2054101,100,0,0,
931,"115,204",行きました%horse1,1080001|%horse1,100,0,0,
932,"115,204",%horse1行った！,%horse1|1080101,100,0,0,
933,"115,204",%horse1仕欷堡皮た,%horse1|1048101,100,0,0,
934,"115,204",%horse1ここであがってくる,%horse1|2054301,100,0,0,
935,"115,204",あがってまいりました%horse1,2054201|%horse1,100,0,0,
936,"115,204",%horse1ここであがってきたぞ！,%horse1|2049301,100,0,0,
937,"115,204",%horse1あがってきた,%horse1|2049401,100,0,0,
938,"115,204",あがってきた%horse1,1048001|%horse1,100,0,0,
939,"115,205",wびzんで来た%horse1,2053701|%horse1,100,0,0,
940,"115,205",%horse1突っzんでくる,%horse1|2050101,100,0,0,
941,"115,205",突っzんでくる%horse1,2054601|%horse1,100,0,0,
942,"115,206",一荬摔がってくる%horse1,2048401|%horse1,100,0,0,
943,"115,206",%horse1\n事なごぼうiきをせる！,%horse1|2047501,100,0,0,
944,"115,206",%horse1まくってあがってくる,%horse1|2054401,100,0,0,
945,"115,206",まくってあがってくる%horse1,2049501|%horse1,100,0,0,
946,"115,207",%horse1\n先猡蚰恐袱筏萍铀伽工耄,%horse1|2050301,100,0,0,
947,"115,208",%horse1追いあげる,%horse1|1080501,100,0,0,
948,"115,208",%horse1追いこんでくる,%horse1|1080601,100,0,0,
950,"115,209",%horse1追いすがる,%horse1|3024101,100,0,0,
951,"115,209",追いすがる%horse1,2051701|%horse1,100,0,0,
952,"115,209",%horse1食いさがる,%horse1|2050001,100,0,0,
953,"115,209",食いさがる%horse1,2054501|%horse1,100,0,0,
954,"115,209",食いさがる%horse1,1048201|%horse1,100,0,0,
955,"115,209",%horse1食らいついていく！,%horse1|3022401,100,0,0,
959,"115,212",リ`ドを保っている%horse1,2052301|%horse1,100,0,0,
960,"115,212",粘る粘る,2049801,100,0,0,
961,"115,212",粘るっ、粘るっ！,2047301,100,0,0,
962,"115,212",粘る、粘る,2019801,100,0,0,
963,"115,213",リ`ドを_いていく%horse1,2052101|%horse1,100,0,0,
964,"115,213",%horse1突き放す！,%horse1|2014301,100,0,0,
966,"115,214",逃げる%horse1,2012301|%horse1,100,0,0,
967,"115,214",%horse1逃げる！,%horse1|2012302,100,0,0,
968,"115,215",これはい！,2016802,100,0,0,
969,"115,215",これはいっ！,2019101,100,0,0,
970,"115,215",速い！　速い！,2019301,100,0,0,
971,"115,215",い！,2019401,100,0,0,
972,"115,215",すぎる！,2019402,100,0,0,
973,"115,215",これはすごい！？,2021002,100,0,0,
974,"115,215",いい,1062201,100,0,0,
975,"115,216",%horse1すごい脚だっ！？,%horse1|2020702,100,0,0,
976,"115,216",%horse1烈な追いあげ！？,%horse1|2020802,100,0,0,
977,"115,216",%horse1@的な末脚！？,%horse1|2020902,100,0,0,
978,"115,216",%horse1\nすごい脚であがってきた！,%horse1|2017602,100,0,0,
979,"115,216",%horse1\n荬い瑜あがってくるぞ,%horse1|2052401,100,0,0,
980,"115,216",%horse1\nグングンとあがっていく,%horse1|2052501,100,0,0,
981,"115,216",%horse1\nすごい脚であがってきた,%horse1|1080401,100,0,0,
982,"115,217",%horse1ここまでか！,%horse1|2050801,100,0,0,
983,"115,217",ここまでか！%horse1！,2054901|%horse1,100,0,0,
987,"115,218",ジリジリめる,2018001,100,0,0,
988,"115,218",徐々に差がまって,2055201,100,0,0,
989,"115,218",徐々に差がまって,2051601,100,0,0,
990,"115,218",差をめてきた%horse1,2055001|%horse1,100,0,0,
991,"115,218",差をめてきた%horse1,2051201|%horse1,100,0,0,
992,"115,219",かわすか！？,3022301,100,0,0,
993,"117,011",差しきるか,2051901,100,0,0,
995,"115,220",%horse1Kびかけてきた,%horse1|2048501,100,0,0,
996,"115,220",%horse1Kんできた,%horse1|2048601,100,0,0,
997,"115,220",Kんでくる%horse1,2048701|%horse1,100,0,0,
998,"115,220",Kびかけてき%horse_ta1,2048801|%horse_ta1,100,0,0,
999,"115,221",ここでKんだKんだ！,2054001,100,0,0,
"1,000","115,221",Kんだ、Kんだっ！,2048901,100,0,0,
"1,001","115,222",Kんでる,1061801,100,0,0,
"1,002","115,222",しかしKんでいる,2051301,100,0,0,
"1,003","115,222",どっちだ！,2051001,100,0,0,
"1,004","115,222",ほとんど差がない状B！,2017701,100,0,0,
"1,005","115,222",どちらも1iもjらない,2051101,100,0,0,
"1,006","115,223",%horse1先^に浃铯盲,%horse1|1062101,100,0,0,
"1,007","115,223",%horse1かわして先^に立った,%horse1|1080301,100,0,0,
"1,008","115,223",ここで先^に立った%horse1,2082401|%horse1,100,0,0,
"1,009","115,223",ここでかわして先^は%horse1,2015401|%horse1,100,0,0,
"1,019","115,227",%horse1完全にiけ出した！,%horse1|2019403,100,0,0,
"1,020","115,227",%horse1ここでiけだした！,%horse1|2082301,100,0,0,
"1,021","115,227",%horse1iけだした,%horse1|2052201,100,0,0,
"1,022","115,228",%horse1わずかに先^,%horse1|2017801,100,0,0,
"1,023","115,228",わずかに先^%horse1,1082001|%horse1,100,0,0,
"1,024","115,228",%horse1わずかにリ`ド！,%horse1|2019901,100,0,0,
"1,025","115,228",先^はわずかに%horse1,2020001|%horse1,100,0,0,
"1,026","115,228",わずかに%horse1,3082501|%horse1,100,0,0,
"1,030","115,302",%horse1\n完全に先^の脚がとまってしまった！\nズルズルと後Aにみこまれてしまう,%horse1|2018401|2018402,100,0,0,
"1,032","115,302",%horse1、脚がとまったか！？\n集猡グングンと近づいてくるぞ！,%horse1|2018601|2018602,100,0,0,
"1,034","115,303",%horse1、集猡寺瘠猡欷郡蓼\nここから脚を伸ばせるのか,%horse1|2018901|2018902,100,0,0,
"1,035","115,301",%horse1\nかなり足取りが重いぞ！\nこれはきびしいか！？,%horse1|2019001|2019002,100,0,0,
"1,036","115,301",%horse1\nここで脚がとまった！,%horse1|2021401,100,0,0,
"1,037","115,301",おおっと、%horse1\nここで力尽きたか！？,2021501|%horse1|2021502,100,0,0,
"1,038","115,302",%horse1、後A集猡松颏啵,%horse1|2021601,100,0,0,
"1,040","115,302",%horse1、集猡松颏螭溃,%horse1|2050701,100,0,0,
"1,041","115,400",さあ、内から\n先^をうかがうのは\n%horse1！,2088301|%horse1,100,0,0,
"1,042","115,401",さあ、中から\n先^をうかがうのは\n%horse1！,2088401|%horse1,100,0,0,
"1,043","115,402",さあ、外から\n先^をうかがうのは\n%horse1！,2088501|%horse1,100,0,0,
"1,044","115,403",さあ、lが最初に仕欷堡毪韦！？,2013301,100,0,0,
"1,045","115,404",%horse1、内で子をうかがう,%horse1|2013401,100,0,0,
"1,046","115,405",%horse1、不菸钉讼を潜める,%horse1|2013501,100,0,0,
"1,047","115,406",%horse1、外で脚をためています,%horse1|2013601,100,0,0,
"1,048","115,407",まだ1バ身以上の差があるぞ！\nここからとらえることができるのか！,2017901|2017902,100,0,0,
"1,049","115,408",ジリジリめる%horse2！,2018001|%horse2,100,0,0,
"1,050","115,409",まだ差がある\nここから先^をとらえる娘はでてくるのか！,2018101|2018102,100,0,0,
"1,053","117,015",%h_rank1苦しいけど粘っている,%h_rank1|2049701,100,0,0,
"1,054","117,016",%h_rank1苦しいけど粘っている,%h_rank1|2049701,100,0,0,
"1,056","115,501",%horse1、脚色は衰えない！,%horse1|2050901,100,0,0,
"1,060","115,504",%h_rank1！　突き放す！,%h_rank1|2014301,100,0,0,
"1,061","115,505",%horse1、%l_basin,%horse1|%l_basin,100,0,0,
"1,062","115,600",後Aがグングン差をめる！\n%horse1、逃げ切れるのか！？,2011801|%horse1|2011802,100,0,0,
"1,063","115,601",%horse1、まだ抑えたままだ,%horse1|1047601,100,0,0,
"1,065","115,602",ス`ッと\nあがっていっ%horse_ta1,1047701|%horse_ta1,100,0,0,
"1,066","115,602",ス`ッとあがってき%horse_ta1,1047801|%horse_ta1,100,0,0,
"1,067","115,603",莩证沥瑜逃げている%h_rank1,1080801|%h_rank1,100,0,0,
"1,068","115,604",ジリジリと大外からあがってきた\n%horse1,1081001|%horse1,100,0,0,
"1,069","115,605",gをpってあがっていく\n%horse1,1081101|%horse1,100,0,0,
"1,070","115,700",%horse1、落ち着かない子,%horse1|2096201,100,0,0,
"1,071","115,700",%horse1、あがっていきます,%horse1|2096203,100,0,0,
"1,072","115,700",%horse1、ペ`スが速い,%horse1|2096205,100,0,0,
"1,073","117,103",%horse1、落ち着かない子,%horse1|2096201,100,0,0,
"1,074","117,104",%horse1、あがっていきます,%horse1|2096203,100,0,0,
"1,075","117,105",%horse1、ペ`スが速い,%horse1|2096205,100,0,0,
"1,076","117,106",%horse1、落ち着かない子,%horse1|2096201,100,"100,276",0,
"1,077","117,107",%horse1、あがっていきます,%horse1|2096203,100,"100,276",0,
"1,078","117,108",%horse1、ペ`スが速い,%horse1|2096205,100,"100,276",0,
"1,103","116,005",さあ、ここで目めるか、%horse1！\nこのまま一荬瞬瞍筏摔いのか！？,2011901|%horse1|2011902,100,0,0,
"1,112","116,009",%h_rank1わずかに先^,%h_rank1|2017801,100,0,0,
"1,113","116,009",%h_rank1、わずかにリ`ド！,%h_rank1|2019901,100,0,0,
"1,114","116,009",先^はわずかに%h_rank1！,2020001|%h_rank1,100,0,0,
"1,164","116,005",%horse1、徐々にM出,%horse1|1048301,100,0,0,
"1,169","116,005",%horse1、伸びてくるか,%horse1|2050501,100,0,0,
"1,236","116,005",ここで一荬酸峋Aが差をめてきたっ,1079701,100,0,0,
"1,243","116,005",%horse1\nすごい脚であがってきた,%horse1|1080401,100,0,0,
"1,250","116,005",%horse1\nここから仕欷堡嗓长恧,%horse1|1081401,100,0,0,
"1,269","200,000",,,100,0,1,
"1,270","117,001",最後方からのレ`スとなった\n%h_player、大丈夫か！？,1007301|%h_player|1007302,100,"100,087",0,
"1,271","117,003",まずは1周目、正面スタンド前にあがっていく,1045101,100,0,0,
"1,272","117,003",まずは1周目、正面スタンド前に入った,1045201,100,0,0,
"1,273","117,003",1周目の直\nスタンドの大Z声に迎えられながら\nウマ娘たちが走りiける,1034001,100,0,0,
"1,274","117,003",1周目のスタンド前にかかっていく,1042701,100,0,0,
"1,275","117,004",伽%h_rank_ta1！,3024701|%h_rank_ta1,100,0,0,
"1,276","117,004",%h_rank_l1！　倮をった！,%h_rank_l1|3025001,100,0,0,
"1,277","117,004",%h_rank_l1、事に制しました,%h_rank_l1|3037401,100,0,0,
"1,279","117,005",%h_rank_l1！　事に完伲\nレ`スを制しました！,%h_rank_l1|3024901|%race_wo,100,0,0,
"1,281","117,007",差しきった！,3037201,100,0,0,
"1,282","117,008",%horse1、かわすか！？,%horse1|3022301,100,0,0,
"1,283","117,008",%horse1、差しきるか,%horse1|2051901,100,0,0,
"1,284","117,009",%h_rank1jらないか,%h_rank1|2051401,100,0,0,
"1,285","117,009",%h_rank1jらない,%h_rank1|2051501,100,0,0,
"1,286","117,010",どちらも1iもjらない\n肓窑圣钎氓丧药`ト！,2051101|2016201,100,0,0,
"1,287","117,012",%h_rank1\nこれはい！,%h_rank1|2016802,100,0,0,
"1,288","117,012",%h_rank1\nこれはいっ！,%h_rank1|2019101,100,0,0,
"1,289","117,013",ほとんど差がない状B！,2017701,100,0,0,
"1,290","117,013",どちらも1iもjらない,2051101,100,0,0,
"1,291","117,014",%h_rank2、颐に追いあげる！,%h_rank2|2020301,100,0,0,
"1,292","117,014",差をめた%h_rank2！,2020401|%h_rank2,100,0,0,
"1,293","117,014",%h_rank2、食らいつく！,%h_rank2|2021101,100,0,0,
"1,294","117,014",%h_rank2、追いすがる！,%h_rank2|2021201,100,0,0,
"1,295","117,018",%horse1\nまたあがってきた！,%horse1|1046901,100,0,0,
"1,296","117,018",%horse1\n差し返してきた,%horse1|1080901,100,0,0,
"1,297","117,019",2番手争いは%h_rank2\n%h_rank3,1067601|%h_rank2|%h_rank3,100,0,0,
"1,298","117,020",%h_rank4追走,%h_rank4|1062501,100,0,1,
"1,299","117,021",%horse1ここであがってくる,%horse1|2054301,100,0,0,
"1,300","117,021",あがってまいりました%horse1,2054201|%horse1,100,0,0,
"1,301","117,021",%horse1ここであがってきたぞ！,%horse1|2049301,100,0,0,
"1,302","117,021",%horse1あがってきた,%horse1|2049401,100,0,0,
"1,303","117,021",あがってきた%horse1,1048001|%horse1,100,0,0,
"1,305","120,001",すっかり日が落ちました、%course\n%ground%distance%race\n%h_num_noウマ娘たちが挑みます,1011801|%course|%ground|%distance|%race|%h_num_no,100,0,0,
"1,306","120,001",夜空の星々が守ります、%course\n%ground%distance%race\n%h_num_noウマ娘たちが挑みます,1011901|%course|%ground|%distance|%race|%h_num_no,100,0,0,
"1,307","120,001",星空のもとで行われます、%course\n%ground%distance%race\n%h_num_noウマ娘たちが挑みます,1012001|%course|%ground|%distance|%race|%h_num_no,100,0,0,
"1,308","120,002",夜空を覆う雨がo感を演出します\n%course%ground%distance\n%race\n%h_num_noウマ娘たちが挑みます,1012101|%course|%ground|%distance|%race|%h_num_no,100,0,0,
"1,309","120,002",雨粒が照明で光りxく、%course\n%ground%distance%race\n%h_num_noウマ娘たちが挑みます,1012201|%course|%ground|%distance|%race|%h_num_no,100,0,0,
"1,310","120,002",夜の雨が波乱を予感させる、%course\n%ground%distance%race\n%h_num_noウマ娘たちが挑みます,1012301|%course|%ground|%distance|%race|%h_num_no,100,0,0,
"1,311","121,001",砂の王者の座を掴み取るのは、どのウマ娘か\n上半期のダ`トチャンピオンQ定椤⒌弁踬p！,1091801,100,0,0,
"1,312","121,002",新たに君Rする砂の王者はどのウマ娘か\n新生ダ`ト王Q定椤ジャパンダ`トダ`ビ`！,1091901,100,0,0,
"1,313","121,003",新たなヒロインは大井でQ生する\n砂の女王のQ定椤JBCレディスクラシック！,1092401,100,0,0,
"1,314","121,004",ここ、大井レ`ス訾松挨渭诧Lがき起こる\nダ`トレ`スのスピ`ドQ椤JBCスプリント！,1092201,100,0,0,
"1,315","121,005",砂上をOめた者たちが集う\nダ`トレ`スの上Q椤JBCクラシック！,1092101,100,0,0,
"1,316","121,006",走の大井に砂の巧者が集まります！\nダ`トレ`スのtQ算、|京大p典！,1092001,100,0,0,
"1,317","122,001",大井の夜空のもと、一等星としてxくべく、\nウマ娘たちがlけiけていきます,1032001,100,0,0,
"1,318","122,001",日の落ちた大井レ`ス訾蛘栅椁工瑜Δ恕\nウマ娘たちがxかしい走りをせています,1032101,100,0,0,
"1,319","122,001",煌々と照明が灯る大井レ`ス訾\nウマ娘たちが疾走していきます,1032201,100,0,0,
"1,320","122,002",夜空が雨にLれる中、\n大井のコ`ス上ではウマ娘たちが\n流星を思わせるかのような走りをせています,1032301,100,0,0,
"1,321","122,002",あいにくの天荬嗽旅鳏りも届かない中、\nウマ娘たちが雨を散らす荬い\nlけiけていきます,1032401,100,0,0,
"1,322","122,003",明るく照らされた、\n南v|随一の直に差し欷ります！,1031801,100,0,0,
"1,323","122,004",地方レ`ス謦去氓抓ラスのLさをFる、\n大井の直に差し欷ります！,1031901,100,0,0,
"1,324","123,001",%h_rank_l1！\n事、帝王pを制し\n砂の王者の座を掴み取りました！,%h_rank_l1|3028801,100,0,0,
"1,325","123,002",新たな砂の王者にxきました、%h_rank_l1！\nダ`ト界の新星として、\n事にその名を刻みました！,3028901|%h_rank_l1|3028902,100,0,0,
"1,326","123,003",%h_rank_l1！\n年のの大一番で事ダ`トチャンピオンの\n延を手にしました！,%h_rank_l1|3029001,100,0,0,
"1,327","123,004",%h_rank_l1！\nJBCクラシックを制し、\nダ`ト界の点にxきました！,%h_rank_l1|3029101,100,0,0,
"1,328","123,005",%h_rank_l1！\nJBCスプリントを制し、\n砂上最速をせつけました！,%h_rank_l1|3029201,100,0,0,
"1,329","123,006",%h_rank_l1！\nJBCレディスクラシックを制し、\n砂の女王としてs史に名を刻みました！,%h_rank_l1|3029301,100,0,0,
"1,330","117,023",%horse1！\nすごい脚だっ！？,%horse1|2020702,100,0,0,
"1,331","117,023",%horse1！\n烈な追いあげ！？,%horse1|2020802,100,0,0,
"1,332","117,023",%horse1！　@的な末脚！？,%horse1|2020902,100,0,0,
"1,333","117,024",これは先^に立つ荬い溃,2017402,100,0,0,
"1,335","117,026",%h_player、ハナをMむ！,%h_player|2018301,100,0,0,
"1,336","117,027",%h_player、前を狙っているぞ,%h_player|1080701,100,0,0,
"1,337","117,028",%h_player、ここから仕欷堡嗓长恧,%h_player|1081401,100,0,0,
"1,338","117,029",3番手争いは%h_rank3\n%h_rank4,1067701|%h_rank3|%h_rank4,100,0,0,
"1,340","117,031",%h_rank5、颐に追いあげる！,%h_rank5|2020301,100,0,0,
"1,341","117,032",%h_rank1\nまだリ`ドをキ`プしています,%h_rank1|1037901,100,0,0,
"1,342","130,100",F在、1番人荬先冠ウマ娘\n%h_pop1,1002701|1700201|%h_pop1,100,0,0,
"1,343","130,100",このレ`ス、最も人荬蚣めているのは\n三冠ウマ娘\n%h_pop1、1番人荬扦,1002801|1700201|%h_pop1|1002802,100,0,0,
"1,344","130,100",さあ、1番人荬谓B介です\n三冠ウマ娘\n%h_pop1,1002901|1700201|%h_pop1,100,0,0,
"1,345","130,100",1番人荬悉猡沥恧螭长文\n三冠ウマ娘\n%h_pop1,1003001|1700201|%h_pop1,100,0,0,
"1,346","130,102",Aく2番人荬先冠ウマ娘\n%h_pop2,1003101|1700201|%h_pop2,100,0,0,
"1,347","130,102",2番人荬蚪B介しましょう\n三冠ウマ娘\n%h_pop2,1003201|1700201|%h_pop2,100,0,0,
"1,348","130,102",g力はけていません\n2番人荨⑷冠ウマ娘\n%h_pop2,1003301|1700201|%h_pop2,100,0,0,
"1,349","130,102",このuは少し不氦？\n2番人荬悉长文铩⑷冠ウマ娘\n%h_pop2,%w_0.2|1003401|1700201|%h_pop2,100,0,0,
"1,350","130,103",2番人荬蚪B介しましょう\n三冠ウマ娘\n%h_pop2,1003201|1700201|%h_pop2,100,0,0,
"1,351","130,103",このuは少し不氦？\n2番人荬悉长文铩⑷冠ウマ娘\n%h_pop2,%w_0.2|1003401|1700201|%h_pop2,100,0,0,
"1,352","130,104",3番人荬摔先冠ウマ娘\n%h_pop3,1003501|1700201|%h_pop3,100,0,0,
"1,353","130,104",3番人荬悉长文铯扦埂\n三冠ウマ娘\n%h_pop3,1003601|1700201|%h_pop3,100,0,0,
"1,354","130,104",虎眈々と上位を狙っています\n3番人荬先冠ウマ娘\n%h_pop3,1003701|1700201|%h_pop3,100,0,0,
"1,355","130,104",人荬g力を兼ね浃à\n三冠ウマ娘\n%h_pop3\n今日は3番人荬扦,1003801|1700201|%h_pop3|1003802,100,0,0,
"1,356","130,105",さあ、今日の主役はこのウマ娘を置いて他にいない\n三冠ウマ娘\n%h_pop1、1番人荬扦,1003901|1700201|%h_pop1|1002802,100,0,0,
"1,357","130,105",威L堂々とスタ`トを待つのはこのウマ娘\n三冠ウマ娘\n%h_pop1、1番人荬扦,1003903|1700201|%h_pop1|1002802,100,0,0,
"1,358","130,105",スタンドに押しかけた\nファンの期待を一身に背って\n三冠ウマ娘\n%h_pop1、1番人荬扦,1003905|1700201|%h_pop1|1002802,100,0,0,
"1,365","130,106",抗するのは三冠ウマ娘\n%h_pop2\n真っ向儇に注目だ,1004001|1700201|%h_pop2|1004002,100,0,0,
"1,366","130,106",2番人荬先冠ウマ娘\n%h_pop2\ng力は1番人荬摔庖けを取りません,1004003|1700201|%h_pop2|1004004,100,0,0,
"1,367","130,106",さあ、2番人荬悉长文\n三冠ウマ娘\n%h_pop2\n十分に倮を狙えますよ,1004005|1700201|%h_pop2|1004006,100,0,0,
"1,368","130,106",抗するのは三冠ウマ娘\n%h_pop2\ng力は1番人荬摔庖けを取りません,1004001|1700201|%h_pop2|1004004,100,0,0,
"1,369","130,106",2番人荬先冠ウマ娘\n%h_pop2\n十分に倮を狙えますよ,1004003|1700201|%h_pop2|1004006,100,0,0,
"1,370","130,106",さあ、2番人荬悉长文\n三冠ウマ娘\n%h_pop2\n真っ向儇に注目だ,1004005|1700201|%h_pop2|1004002,100,0,0,
"1,371","130,106",抗するのは三冠ウマ娘\n%h_pop2\n十分に倮を狙えますよ,1004001|1700201|%h_pop2|1004006,100,0,0,
"1,372","130,106",2番人荬先冠ウマ娘\n%h_pop2\n真っ向儇に注目だ,1004003|1700201|%h_pop2|1004002,100,0,0,
"1,373","130,106",さあ、2番人荬悉长文\n三冠ウマ娘\n%h_pop2\ng力は1番人荬摔庖けを取りません,1004005|1700201|%h_pop2|1004004,100,0,0,
"1,374","130,107",三冠ウマ娘\n%h_pop3\nF在、3番人\n注目株のウマ娘だ！,1700201|%h_pop3|1004101|1004102,100,0,0,
"1,375","130,107",三冠ウマ娘\n%h_pop3\n3番人荬扦\n下w上は起りうるのか！？,1700201|%h_pop3|1004103|1004104,100,0,0,
"1,377","130,107",三冠ウマ娘\n%h_pop3\nF在、3番人\n下w上は起りうるのか！？,1700201|%h_pop3|1004101|1004104,100,0,0,
"1,378","130,107",三冠ウマ娘\n%h_pop3\n3番人荬扦\ng力はg`いなく上位です！,1700201|%h_pop3|1004103|1004106,100,0,0,
"1,380","130,107",三冠ウマ娘\n%h_pop3\nF在、3番人\ng力はg`いなく上位です！,1700201|%h_pop3|1004101|1004106,100,0,0,
"1,381","130,107",三冠ウマ娘\n%h_pop3\n3番人荬扦\n注目株のウマ娘だ！,1700201|%h_pop3|1004103|1004102,100,0,0,
"1,383","130,108",注目の三冠ウマ娘\n%h_player\n%p_waku_banでの出走,1088201|1700201|%h_player|%p_waku_ban,100,0,0,
"1,384","130,110",F在、1番人荬悉长长蓼o∪冠ウマ娘\n%h_pop1,1002701|1700101|1700201|%h_pop1,100,0,0,
"1,385","130,110",このレ`ス、最も人荬蚣めているのは\nここまでo∪冠ウマ娘\n%h_pop1、1番人荬扦,1002801|1700101|1700201|%h_pop1|1002802,100,0,0,
"1,386","130,110",さあ、1番人荬谓B介です\nここまでo∪冠ウマ娘\n%h_pop1,1002901|1700101|1700201|%h_pop1,100,0,0,
"1,387","130,110",1番人荬悉猡沥恧螭长文\nここまでo∪冠ウマ娘\n%h_pop1,1003001|1700101|1700201|%h_pop1,100,0,0,
"1,388","130,112",Aく2番人荬悉长长蓼o∪冠ウマ娘\n%h_pop2,1003101|1700101|1700201|%h_pop2,100,0,0,
"1,389","130,112",2番人荬蚪B介しましょう\nここまでo∪冠ウマ娘\n%h_pop2,1003201|1700101|1700201|%h_pop2,100,0,0,
"1,390","130,112",g力はけていません\n2番人荨ここまでo∪冠ウマ娘\n%h_pop2,1003301|1700101|1700201|%h_pop2,100,0,0,
"1,391","130,112",このuは少し不氦？\n2番人荬悉长文铩ここまでo∪冠ウマ娘\n%h_pop2,%w_0.2|1003401|1700101|1700201|%h_pop2,100,0,0,
"1,392","130,113",2番人荬蚪B介しましょう\nここまでo∪冠ウマ娘\n%h_pop2,1003201|1700101|1700201|%h_pop2,100,0,0,
"1,393","130,113",このuは少し不氦？\n2番人荬悉长文铩ここまでo∪冠ウマ娘\n%h_pop2,%w_0.2|1003401|1700101|1700201|%h_pop2,100,0,0,
"1,394","130,114",3番人荬摔悉长长蓼o∪冠ウマ娘\n%h_pop3,1003501|1700101|1700201|%h_pop3,100,0,0,
"1,395","130,114",3番人荬悉长文铯扦埂\nここまでo∪冠ウマ娘\n%h_pop3,1003601|1700101|1700201|%h_pop3,100,0,0,
"1,396","130,114",虎眈々と上位を狙っています\n3番人荬悉长长蓼o∪冠ウマ娘\n%h_pop3,1003701|1700101|1700201|%h_pop3,100,0,0,
"1,397","130,114",人荬g力を兼ね浃à\nここまでo∪冠ウマ娘\n%h_pop3\n今日は3番人荬扦,1003801|1700101|1700201|%h_pop3|1003802,100,0,0,
"1,398","130,115",さあ、今日の主役はこのウマ娘を置いて他にいない\nここまでo∪冠ウマ娘\n%h_pop1、1番人荬扦,1003901|1700101|1700201|%h_pop1|1002802,100,0,0,
"1,399","130,115",威L堂々とスタ`トを待つのはこのウマ娘\nここまでo∪冠ウマ娘\n%h_pop1、1番人荬扦,1003903|1700101|1700201|%h_pop1|1002802,100,0,0,
"1,400","130,115",スタンドに押しかけた\nファンの期待を一身に背って\nここまでo∪冠ウマ娘\n%h_pop1、1番人荬扦,1003905|1700101|1700201|%h_pop1|1002802,100,0,0,
"1,407","130,116",抗するのはここまでo∪冠ウマ娘\n%h_pop2\n真っ向儇に注目だ,1004001|1700101|1700201|%h_pop2|1004002,100,0,0,
"1,408","130,116",2番人荬悉长长蓼o∪冠ウマ娘\n%h_pop2\ng力は1番人荬摔庖けを取りません,1004003|1700101|1700201|%h_pop2|1004004,100,0,0,
"1,409","130,116",さあ、2番人荬悉长文\nここまでo∪冠ウマ娘\n%h_pop2\n十分に倮を狙えますよ,1004005|1700101|1700201|%h_pop2|1004006,100,0,0,
"1,410","130,116",抗するのはここまでo∪冠ウマ娘\n%h_pop2\ng力は1番人荬摔庖けを取りません,1004001|1700101|1700201|%h_pop2|1004004,100,0,0,
"1,411","130,116",2番人荬悉长长蓼o∪冠ウマ娘\n%h_pop2\n十分に倮を狙えますよ,1004003|1700101|1700201|%h_pop2|1004006,100,0,0,
"1,412","130,116",さあ、2番人荬悉长文\nここまでo∪冠ウマ娘\n%h_pop2\n真っ向儇に注目だ,1004005|1700101|1700201|%h_pop2|1004002,100,0,0,
"1,413","130,116",抗するのはここまでo∪冠ウマ娘\n%h_pop2\n十分に倮を狙えますよ,1004001|1700101|1700201|%h_pop2|1004006,100,0,0,
"1,414","130,116",2番人荬悉长长蓼o∪冠ウマ娘\n%h_pop2\n真っ向儇に注目だ,1004003|1700101|1700201|%h_pop2|1004002,100,0,0,
"1,415","130,116",さあ、2番人荬悉长文\nここまでo∪冠ウマ娘\n%h_pop2\ng力は1番人荬摔庖けを取りません,1004005|1700101|1700201|%h_pop2|1004004,100,0,0,
"1,416","130,117",ここまでo∪冠ウマ娘\n%h_pop3\nF在、3番人\n注目株のウマ娘だ！,1700101|1700201|%h_pop3|1004101|1004102,100,0,0,
"1,417","130,117",ここまでo∪冠ウマ娘\n%h_pop3\n3番人荬扦\n下w上は起りうるのか！？,1700101|1700201|%h_pop3|1004103|1004104,100,0,0,
"1,419","130,117",ここまでo∪冠ウマ娘\n%h_pop3\nF在、3番人\n下w上は起りうるのか！？,1700101|1700201|%h_pop3|1004101|1004104,100,0,0,
"1,420","130,117",ここまでo∪冠ウマ娘\n%h_pop3\n3番人荬扦\ng力はg`いなく上位です！,1700101|1700201|%h_pop3|1004103|1004106,100,0,0,
"1,422","130,117",ここまでo∪冠ウマ娘\n%h_pop3\nF在、3番人\ng力はg`いなく上位です！,1700101|1700201|%h_pop3|1004101|1004106,100,0,0,
"1,423","130,117",ここまでo∪冠ウマ娘\n%h_pop3\n3番人荬扦\n注目株のウマ娘だ！,1700101|1700201|%h_pop3|1004103|1004102,100,0,0,
"1,425","130,118",注目のここまでo∪冠ウマ娘\n%h_player\n%p_waku_banでの出走,1088201|1700101|1700201|%h_player|%p_waku_ban,100,0,0,
"1,426","130,200",F在、1番人荬锨铯稳冠ウマ娘\n%h_pop1,1002701|1700301|%h_pop1,100,0,0,
"1,427","130,200",このレ`ス、最も人荬蚣めているのは\n秋の三冠ウマ娘\n%h_pop1、1番人荬扦,1002801|1700301|%h_pop1|1002802,100,0,0,
"1,428","130,200",さあ、1番人荬谓B介です\n秋の三冠ウマ娘\n%h_pop1,1002901|1700301|%h_pop1,100,0,0,
"1,429","130,200",1番人荬悉猡沥恧螭长文\n秋の三冠ウマ娘\n%h_pop1,1003001|1700301|%h_pop1,100,0,0,
"1,430","130,202",Aく2番人荬锨铯稳冠ウマ娘\n%h_pop2,1003101|1700301|%h_pop2,100,0,0,
"1,431","130,202",2番人荬蚪B介しましょう\n秋の三冠ウマ娘\n%h_pop2,1003201|1700301|%h_pop2,100,0,0,
"1,432","130,202",g力はけていません\n2番人荨⑶铯稳冠ウマ娘\n%h_pop2,1003301|1700301|%h_pop2,100,0,0,
"1,433","130,202",このuは少し不氦？\n2番人荬悉长文铩⑶铯稳冠ウマ娘\n%h_pop2,%w_0.2|1003401|1700301|%h_pop2,100,0,0,
"1,434","130,203",2番人荬蚪B介しましょう\n秋の三冠ウマ娘\n%h_pop2,1003201|1700301|%h_pop2,100,0,0,
"1,435","130,203",このuは少し不氦？\n2番人荬悉长文铩⑶铯稳冠ウマ娘\n%h_pop2,%w_0.2|1003401|1700301|%h_pop2,100,0,0,
"1,436","130,204",3番人荬摔锨铯稳冠ウマ娘\n%h_pop3,1003501|1700301|%h_pop3,100,0,0,
"1,437","130,204",3番人荬悉长文铯扦埂\n秋の三冠ウマ娘\n%h_pop3,1003601|1700301|%h_pop3,100,0,0,
"1,438","130,204",虎眈々と上位を狙っています\n3番人荬锨铯稳冠ウマ娘\n%h_pop3,1003701|1700301|%h_pop3,100,0,0,
"1,439","130,204",人荬g力を兼ね浃à\n秋の三冠ウマ娘\n%h_pop3\n今日は3番人荬扦,1003801|1700301|%h_pop3|1003802,100,0,0,
"1,440","130,205",さあ、今日の主役はこのウマ娘を置いて他にいない\n秋の三冠ウマ娘\n%h_pop1、1番人荬扦,1003901|1700301|%h_pop1|1002802,100,0,0,
"1,441","130,205",威L堂々とスタ`トを待つのはこのウマ娘\n秋の三冠ウマ娘\n%h_pop1、1番人荬扦,1003903|1700301|%h_pop1|1002802,100,0,0,
"1,442","130,205",スタンドに押しかけた\nファンの期待を一身に背って\n秋の三冠ウマ娘\n%h_pop1、1番人荬扦,1003905|1700301|%h_pop1|1002802,100,0,0,
"1,449","130,206",抗するのは秋の三冠ウマ娘\n%h_pop2\n真っ向儇に注目だ,1004001|1700301|%h_pop2|1004002,100,0,0,
"1,450","130,206",2番人荬锨铯稳冠ウマ娘\n%h_pop2\ng力は1番人荬摔庖けを取りません,1004003|1700301|%h_pop2|1004004,100,0,0,
"1,451","130,206",さあ、2番人荬悉长文\n秋の三冠ウマ娘\n%h_pop2\n十分に倮を狙えますよ,1004005|1700301|%h_pop2|1004006,100,0,0,
"1,452","130,206",抗するのは秋の三冠ウマ娘\n%h_pop2\ng力は1番人荬摔庖けを取りません,1004001|1700301|%h_pop2|1004004,100,0,0,
"1,453","130,206",2番人荬锨铯稳冠ウマ娘\n%h_pop2\n十分に倮を狙えますよ,1004003|1700301|%h_pop2|1004006,100,0,0,
"1,454","130,206",さあ、2番人荬悉长文\n秋の三冠ウマ娘\n%h_pop2\n真っ向儇に注目だ,1004005|1700301|%h_pop2|1004002,100,0,0,
"1,455","130,206",抗するのは秋の三冠ウマ娘\n%h_pop2\n十分に倮を狙えますよ,1004001|1700301|%h_pop2|1004006,100,0,0,
"1,456","130,206",2番人荬锨铯稳冠ウマ娘\n%h_pop2\n真っ向儇に注目だ,1004003|1700301|%h_pop2|1004002,100,0,0,
"1,457","130,206",さあ、2番人荬悉长文\n秋の三冠ウマ娘\n%h_pop2\ng力は1番人荬摔庖けを取りません,1004005|1700301|%h_pop2|1004004,100,0,0,
"1,458","130,207",秋の三冠ウマ娘\n%h_pop3\nF在、3番人\n注目株のウマ娘だ！,1700301|%h_pop3|1004101|1004102,100,0,0,
"1,459","130,207",秋の三冠ウマ娘\n%h_pop3\n3番人荬扦\n下w上は起りうるのか！？,1700301|%h_pop3|1004103|1004104,100,0,0,
"1,461","130,207",秋の三冠ウマ娘\n%h_pop3\nF在、3番人\n下w上は起りうるのか！？,1700301|%h_pop3|1004101|1004104,100,0,0,
"1,462","130,207",秋の三冠ウマ娘\n%h_pop3\n3番人荬扦\ng力はg`いなく上位です！,1700301|%h_pop3|1004103|1004106,100,0,0,
"1,464","130,207",秋の三冠ウマ娘\n%h_pop3\nF在、3番人\ng力はg`いなく上位です！,1700301|%h_pop3|1004101|1004106,100,0,0,
"1,465","130,207",秋の三冠ウマ娘\n%h_pop3\n3番人荬扦\n注目株のウマ娘だ！,1700301|%h_pop3|1004103|1004102,100,0,0,
"1,467","130,208",注目の秋の三冠ウマ娘\n%h_player\n%p_waku_banでの出走,1088201|1700301|%h_player|%p_waku_ban,100,0,0,
"1,468","130,210",F在、1番人荬悉长长蓼o∏铯稳冠ウマ娘\n%h_pop1,1002701|1700101|1700301|%h_pop1,100,0,0,
"1,469","130,210",このレ`ス、最も人荬蚣めているのは\nここまでo∏铯稳冠ウマ娘\n%h_pop1、1番人荬扦,1002801|1700101|1700301|%h_pop1|1002802,100,0,0,
"1,470","130,210",さあ、1番人荬谓B介です\nここまでo∏铯稳冠ウマ娘\n%h_pop1,1002901|1700101|1700301|%h_pop1,100,0,0,
"1,471","130,210",1番人荬悉猡沥恧螭长文\nここまでo∏铯稳冠ウマ娘\n%h_pop1,1003001|1700101|1700301|%h_pop1,100,0,0,
"1,472","130,212",Aく2番人荬悉长长蓼o∏铯稳冠ウマ娘\n%h_pop2,1003101|1700101|1700301|%h_pop2,100,0,0,
"1,473","130,212",2番人荬蚪B介しましょう\nここまでo∏铯稳冠ウマ娘\n%h_pop2,1003201|1700101|1700301|%h_pop2,100,0,0,
"1,474","130,212",g力はけていません\n2番人荨ここまでo∏铯稳冠ウマ娘\n%h_pop2,1003301|1700101|1700301|%h_pop2,100,0,0,
"1,475","130,212",このuは少し不氦？\n2番人荬悉长文铩ここまでo∏铯稳冠ウマ娘\n%h_pop2,%w_0.2|1003401|1700101|1700301|%h_pop2,100,0,0,
"1,476","130,213",2番人荬蚪B介しましょう\nここまでo∏铯稳冠ウマ娘\n%h_pop2,1003201|1700101|1700301|%h_pop2,100,0,0,
"1,477","130,213",このuは少し不氦？\n2番人荬悉长文铩ここまでo∏铯稳冠ウマ娘\n%h_pop2,%w_0.2|1003401|1700101|1700301|%h_pop2,100,0,0,
"1,478","130,214",3番人荬摔悉长长蓼o∏铯稳冠ウマ娘\n%h_pop3,1003501|1700101|1700301|%h_pop3,100,0,0,
"1,479","130,214",3番人荬悉长文铯扦埂\nここまでo∏铯稳冠ウマ娘\n%h_pop3,1003601|1700101|1700301|%h_pop3,100,0,0,
"1,480","130,214",虎眈々と上位を狙っています\n3番人荬悉长长蓼o∏铯稳冠ウマ娘\n%h_pop3,1003701|1700101|1700301|%h_pop3,100,0,0,
"1,481","130,214",人荬g力を兼ね浃à\nここまでo∏铯稳冠ウマ娘\n%h_pop3\n今日は3番人荬扦,1003801|1700101|1700301|%h_pop3|1003802,100,0,0,
"1,482","130,215",さあ、今日の主役はこのウマ娘を置いて他にいない\nここまでo∏铯稳冠ウマ娘\n%h_pop1、1番人荬扦,1003901|1700101|1700301|%h_pop1|1002802,100,0,0,
"1,483","130,215",威L堂々とスタ`トを待つのはこのウマ娘\nここまでo∏铯稳冠ウマ娘\n%h_pop1、1番人荬扦,1003903|1700101|1700301|%h_pop1|1002802,100,0,0,
"1,484","130,215",スタンドに押しかけた\nファンの期待を一身に背って\nここまでo∏铯稳冠ウマ娘\n%h_pop1、1番人荬扦,1003905|1700101|1700301|%h_pop1|1002802,100,0,0,
"1,491","130,216",抗するのはここまでo∏铯稳冠ウマ娘\n%h_pop2\n真っ向儇に注目だ,1004001|1700101|1700301|%h_pop2|1004002,100,0,0,
"1,492","130,216",2番人荬悉长长蓼o∏铯稳冠ウマ娘\n%h_pop2\ng力は1番人荬摔庖けを取りません,1004003|1700101|1700301|%h_pop2|1004004,100,0,0,
"1,493","130,216",さあ、2番人荬悉长文\nここまでo∏铯稳冠ウマ娘\n%h_pop2\n十分に倮を狙えますよ,1004005|1700101|1700301|%h_pop2|1004006,100,0,0,
"1,494","130,216",抗するのはここまでo∏铯稳冠ウマ娘\n%h_pop2\ng力は1番人荬摔庖けを取りません,1004001|1700101|1700301|%h_pop2|1004004,100,0,0,
"1,495","130,216",2番人荬悉长长蓼o∏铯稳冠ウマ娘\n%h_pop2\n十分に倮を狙えますよ,1004003|1700101|1700301|%h_pop2|1004006,100,0,0,
"1,496","130,216",さあ、2番人荬悉长文\nここまでo∏铯稳冠ウマ娘\n%h_pop2\n真っ向儇に注目だ,1004005|1700101|1700301|%h_pop2|1004002,100,0,0,
"1,497","130,216",抗するのはここまでo∏铯稳冠ウマ娘\n%h_pop2\n十分に倮を狙えますよ,1004001|1700101|1700301|%h_pop2|1004006,100,0,0,
"1,498","130,216",2番人荬悉长长蓼o∏铯稳冠ウマ娘\n%h_pop2\n真っ向儇に注目だ,1004003|1700101|1700301|%h_pop2|1004002,100,0,0,
"1,499","130,216",さあ、2番人荬悉长文\nここまでo∏铯稳冠ウマ娘\n%h_pop2\ng力は1番人荬摔庖けを取りません,1004005|1700101|1700301|%h_pop2|1004004,100,0,0,
"1,500","130,217",ここまでo∏铯稳冠ウマ娘\n%h_pop3\nF在、3番人\n注目株のウマ娘だ！,1700101|1700301|%h_pop3|1004101|1004102,100,0,0,
"1,501","130,217",ここまでo∏铯稳冠ウマ娘\n%h_pop3\n3番人荬扦\n下w上は起りうるのか！？,1700101|1700301|%h_pop3|1004103|1004104,100,0,0,
"1,503","130,217",ここまでo∏铯稳冠ウマ娘\n%h_pop3\nF在、3番人\n下w上は起りうるのか！？,1700101|1700301|%h_pop3|1004101|1004104,100,0,0,
"1,504","130,217",ここまでo∏铯稳冠ウマ娘\n%h_pop3\n3番人荬扦\ng力はg`いなく上位です！,1700101|1700301|%h_pop3|1004103|1004106,100,0,0,
"1,506","130,217",ここまでo∏铯稳冠ウマ娘\n%h_pop3\nF在、3番人\ng力はg`いなく上位です！,1700101|1700301|%h_pop3|1004101|1004106,100,0,0,
"1,507","130,217",ここまでo∏铯稳冠ウマ娘\n%h_pop3\n3番人荬扦\n注目株のウマ娘だ！,1700101|1700301|%h_pop3|1004103|1004102,100,0,0,
"1,509","130,218",注目のここまでo∏铯稳冠ウマ娘\n%h_player\n%p_waku_banでの出走,1088201|1700101|1700301|%h_player|%p_waku_ban,100,0,0,
"1,510","130,300",F在、1番人荬膝去辚抓毳匹％ラのウマ娘\n%h_pop1,1002701|1700401|%h_pop1,100,0,0,
"1,511","130,300",このレ`ス、最も人荬蚣めているのは\nトリプルティアラのウマ娘\n%h_pop1、1番人荬扦,1002801|1700401|%h_pop1|1002802,100,0,0,
"1,512","130,300",さあ、1番人荬谓B介です\nトリプルティアラのウマ娘\n%h_pop1,1002901|1700401|%h_pop1,100,0,0,
"1,513","130,300",1番人荬悉猡沥恧螭长文\nトリプルティアラのウマ娘\n%h_pop1,1003001|1700401|%h_pop1,100,0,0,
"1,514","130,302",Aく2番人荬膝去辚抓毳匹％ラのウマ娘\n%h_pop2,1003101|1700401|%h_pop2,100,0,0,
"1,515","130,302",2番人荬蚪B介しましょう\nトリプルティアラのウマ娘\n%h_pop2,1003201|1700401|%h_pop2,100,0,0,
"1,516","130,302",g力はけていません\n2番人荨トリプルティアラのウマ娘\n%h_pop2,1003301|1700401|%h_pop2,100,0,0,
"1,517","130,302",このuは少し不氦？\n2番人荬悉长文铩トリプルティアラのウマ娘\n%h_pop2,%w_0.2|1003401|1700401|%h_pop2,100,0,0,
"1,518","130,303",2番人荬蚪B介しましょう\nトリプルティアラのウマ娘\n%h_pop2,1003201|1700401|%h_pop2,100,0,0,
"1,519","130,303",このuは少し不氦？\n2番人荬悉长文铩トリプルティアラのウマ娘\n%h_pop2,%w_0.2|1003401|1700401|%h_pop2,100,0,0,
"1,520","130,304",3番人荬摔膝去辚抓毳匹％ラのウマ娘\n%h_pop3,1003501|1700401|%h_pop3,100,0,0,
"1,521","130,304",3番人荬悉长文铯扦埂\nトリプルティアラのウマ娘\n%h_pop3,1003601|1700401|%h_pop3,100,0,0,
"1,522","130,304",虎眈々と上位を狙っています\n3番人荬膝去辚抓毳匹％ラのウマ娘\n%h_pop3,1003701|1700401|%h_pop3,100,0,0,
"1,523","130,304",人荬g力を兼ね浃à\nトリプルティアラのウマ娘\n%h_pop3\n今日は3番人荬扦,1003801|1700401|%h_pop3|1003802,100,0,0,
"1,524","130,305",さあ、今日の主役はこのウマ娘を置いて他にいない\nトリプルティアラのウマ娘\n%h_pop1、1番人荬扦,1003901|1700401|%h_pop1|1002802,100,0,0,
"1,525","130,305",威L堂々とスタ`トを待つのはこのウマ娘\nトリプルティアラのウマ娘\n%h_pop1、1番人荬扦,1003903|1700401|%h_pop1|1002802,100,0,0,
"1,526","130,305",スタンドに押しかけた\nファンの期待を一身に背って\nトリプルティアラのウマ娘\n%h_pop1、1番人荬扦,1003905|1700401|%h_pop1|1002802,100,0,0,
"1,533","130,306",抗するのはトリプルティアラのウマ娘\n%h_pop2\n真っ向儇に注目だ,1004001|1700401|%h_pop2|1004002,100,0,0,
"1,534","130,306",2番人荬膝去辚抓毳匹％ラのウマ娘\n%h_pop2\ng力は1番人荬摔庖けを取りません,1004003|1700401|%h_pop2|1004004,100,0,0,
"1,535","130,306",さあ、2番人荬悉长文\nトリプルティアラのウマ娘\n%h_pop2\n十分に倮を狙えますよ,1004005|1700401|%h_pop2|1004006,100,0,0,
"1,536","130,306",抗するのはトリプルティアラのウマ娘\n%h_pop2\ng力は1番人荬摔庖けを取りません,1004001|1700401|%h_pop2|1004004,100,0,0,
"1,537","130,306",2番人荬膝去辚抓毳匹％ラのウマ娘\n%h_pop2\n十分に倮を狙えますよ,1004003|1700401|%h_pop2|1004006,100,0,0,
"1,538","130,306",さあ、2番人荬悉长文\nトリプルティアラのウマ娘\n%h_pop2\n真っ向儇に注目だ,1004005|1700401|%h_pop2|1004002,100,0,0,
"1,539","130,306",抗するのはトリプルティアラのウマ娘\n%h_pop2\n十分に倮を狙えますよ,1004001|1700401|%h_pop2|1004006,100,0,0,
"1,540","130,306",2番人荬膝去辚抓毳匹％ラのウマ娘\n%h_pop2\n真っ向儇に注目だ,1004003|1700401|%h_pop2|1004002,100,0,0,
"1,541","130,306",さあ、2番人荬悉长文\nトリプルティアラのウマ娘\n%h_pop2\ng力は1番人荬摔庖けを取りません,1004005|1700401|%h_pop2|1004004,100,0,0,
"1,542","130,307",トリプルティアラのウマ娘\n%h_pop3\nF在、3番人\n注目株のウマ娘だ！,1700401|%h_pop3|1004101|1004102,100,0,0,
"1,543","130,307",トリプルティアラのウマ娘\n%h_pop3\n3番人荬扦\n下w上は起りうるのか！？,1700401|%h_pop3|1004103|1004104,100,0,0,
"1,545","130,307",トリプルティアラのウマ娘\n%h_pop3\nF在、3番人\n下w上は起りうるのか！？,1700401|%h_pop3|1004101|1004104,100,0,0,
"1,546","130,307",トリプルティアラのウマ娘\n%h_pop3\n3番人荬扦\ng力はg`いなく上位です！,1700401|%h_pop3|1004103|1004106,100,0,0,
"1,548","130,307",トリプルティアラのウマ娘\n%h_pop3\nF在、3番人\ng力はg`いなく上位です！,1700401|%h_pop3|1004101|1004106,100,0,0,
"1,549","130,307",トリプルティアラのウマ娘\n%h_pop3\n3番人荬扦\n注目株のウマ娘だ！,1700401|%h_pop3|1004103|1004102,100,0,0,
"1,551","130,308",注目のトリプルティアラのウマ娘\n%h_player\n%p_waku_banでの出走,1088201|1700401|%h_player|%p_waku_ban,100,0,0,
"1,552","130,310",F在、1番人荬\nここまでoˉ去辚抓毳匹％ラのウマ娘\n%h_pop1,1002701|1700101|1700401|%h_pop1,100,0,0,
"1,553","130,310",このレ`ス、最も人荬蚣めているのは\nここまでoˉ去辚抓毳匹％ラのウマ娘\n%h_pop1、1番人荬扦,1002801|1700101|1700401|%h_pop1|1002802,100,0,0,
"1,554","130,310",さあ、1番人荬谓B介です\nここまでoˉ去辚抓毳匹％ラのウマ娘\n%h_pop1,1002901|1700101|1700401|%h_pop1,100,0,0,
"1,555","130,310",1番人荬悉猡沥恧螭长文\nここまでoˉ去辚抓毳匹％ラのウマ娘\n%h_pop1,1003001|1700101|1700401|%h_pop1,100,0,0,
"1,556","130,312",Aく2番人荬\nここまでoˉ去辚抓毳匹％ラのウマ娘\n%h_pop2,1003101|1700101|1700401|%h_pop2,100,0,0,
"1,557","130,312",2番人荬蚪B介しましょう\nここまでoˉ去辚抓毳匹％ラのウマ娘\n%h_pop2,1003201|1700101|1700401|%h_pop2,100,0,0,
"1,558","130,312",g力はけていません\n2番人荨ここまでoˉ去辚抓毳匹％ラのウマ娘\n%h_pop2,1003301|1700101|1700401|%h_pop2,100,0,0,
"1,559","130,312",このuは少し不氦？　2番人荬悉长文铩\nここまでoˉ去辚抓毳匹％ラのウマ娘\n%h_pop2,%w_0.2|1003401|1700101|1700401|%h_pop2,100,0,0,
"1,560","130,313",2番人荬蚪B介しましょう\nここまでoˉ去辚抓毳匹％ラのウマ娘\n%h_pop2,1003201|1700101|1700401|%h_pop2,100,0,0,
"1,561","130,313",このuは少し不氦？　2番人荬悉长文铩\nここまでoˉ去辚抓毳匹％ラのウマ娘\n%h_pop2,%w_0.2|1003401|1700101|1700401|%h_pop2,100,0,0,
"1,562","130,314",3番人荬摔\nここまでoˉ去辚抓毳匹％ラのウマ娘\n%h_pop3,1003501|1700101|1700401|%h_pop3,100,0,0,
"1,563","130,314",3番人荬悉长文铯扦埂\nここまでoˉ去辚抓毳匹％ラのウマ娘\n%h_pop3,1003601|1700101|1700401|%h_pop3,100,0,0,
"1,564","130,314",虎眈々と上位を狙っています\n3番人荬悉长长蓼oˉ去辚抓毳匹％ラのウマ娘\n%h_pop3,1003701|1700101|1700401|%h_pop3,100,0,0,
"1,565","130,314",人荬g力を兼ね浃à\nここまでoˉ去辚抓毳匹％ラのウマ娘\n%h_pop3\n今日は3番人荬扦,1003801|1700101|1700401|%h_pop3|1003802,100,0,0,
"1,566","130,315",さあ、今日の主役はこのウマ娘を置いて他にいない\nここまでoˉ去辚抓毳匹％ラのウマ娘\n%h_pop1、1番人荬扦,1003901|1700101|1700401|%h_pop1|1002802,100,0,0,
"1,567","130,315",威L堂々とスタ`トを待つのはこのウマ娘\nここまでoˉ去辚抓毳匹％ラのウマ娘\n%h_pop1、1番人荬扦,1003903|1700101|1700401|%h_pop1|1002802,100,0,0,
"1,568","130,315",スタンドに押しかけた\nファンの期待を一身に背って\nここまでoˉ去辚抓毳匹％ラのウマ娘\n%h_pop1、1番人荬扦,1003905|1700101|1700401|%h_pop1|1002802,100,0,0,
"1,575","130,316",抗するのはここまでoˉ去辚抓毳匹％ラのウマ娘\n%h_pop2\n真っ向儇に注目だ,1004001|1700101|1700401|%h_pop2|1004002,100,0,0,
"1,576","130,316",2番人荬悉长长蓼oˉ去辚抓毳匹％ラのウマ娘\n%h_pop2\ng力は1番人荬摔庖けを取りません,1004003|1700101|1700401|%h_pop2|1004004,100,0,0,
"1,577","130,316",さあ、2番人荬悉长文\nここまでoˉ去辚抓毳匹％ラのウマ娘\n%h_pop2\n十分に倮を狙えますよ,1004005|1700101|1700401|%h_pop2|1004006,100,0,0,
"1,578","130,316",抗するのはここまでoˉ去辚抓毳匹％ラのウマ娘\n%h_pop2\ng力は1番人荬摔庖けを取りません,1004001|1700101|1700401|%h_pop2|1004004,100,0,0,
"1,579","130,316",2番人荬悉长长蓼oˉ去辚抓毳匹％ラのウマ娘\n%h_pop2\n十分に倮を狙えますよ,1004003|1700101|1700401|%h_pop2|1004006,100,0,0,
"1,580","130,316",さあ、2番人荬悉长文\nここまでoˉ去辚抓毳匹％ラのウマ娘\n%h_pop2\n真っ向儇に注目だ,1004005|1700101|1700401|%h_pop2|1004002,100,0,0,
"1,581","130,316",抗するのはここまでoˉ去辚抓毳匹％ラのウマ娘\n%h_pop2\n十分に倮を狙えますよ,1004001|1700101|1700401|%h_pop2|1004006,100,0,0,
"1,582","130,316",2番人荬悉长长蓼oˉ去辚抓毳匹％ラのウマ娘\n%h_pop2\n真っ向儇に注目だ,1004003|1700101|1700401|%h_pop2|1004002,100,0,0,
"1,583","130,316",さあ、2番人荬悉长文\nここまでoˉ去辚抓毳匹％ラのウマ娘\n%h_pop2\ng力は1番人荬摔庖けを取りません,1004005|1700101|1700401|%h_pop2|1004004,100,0,0,
"1,584","130,317",ここまでoˉ去辚抓毳匹％ラのウマ娘\n%h_pop3\nF在、3番人\n注目株のウマ娘だ！,1700101|1700401|%h_pop3|1004101|1004102,100,0,0,
"1,585","130,317",ここまでoˉ去辚抓毳匹％ラのウマ娘\n%h_pop3\n3番人荬扦\n下w上は起りうるのか！？,1700101|1700401|%h_pop3|1004103|1004104,100,0,0,
"1,587","130,317",ここまでoˉ去辚抓毳匹％ラのウマ娘\n%h_pop3\nF在、3番人\n下w上は起りうるのか！？,1700101|1700401|%h_pop3|1004101|1004104,100,0,0,
"1,588","130,317",ここまでoˉ去辚抓毳匹％ラのウマ娘\n%h_pop3\n3番人荬扦\ng力はg`いなく上位です！,1700101|1700401|%h_pop3|1004103|1004106,100,0,0,
"1,590","130,317",ここまでoˉ去辚抓毳匹％ラのウマ娘\n%h_pop3\nF在、3番人\ng力はg`いなく上位です！,1700101|1700401|%h_pop3|1004101|1004106,100,0,0,
"1,591","130,317",ここまでoˉ去辚抓毳匹％ラのウマ娘\n%h_pop3\n3番人荬扦\n注目株のウマ娘だ！,1700101|1700401|%h_pop3|1004103|1004102,100,0,0,
"1,593","130,318",注目のここまでoˉ去辚抓毳匹％ラのウマ娘\n%h_player\n%p_waku_banでの出走,1088201|1700101|1700401|%h_player|%p_waku_ban,100,0,0,
"1,594","130,400",F在、1番人荬洗氦稳冠ウマ娘\n%h_pop1,1002701|1700501|%h_pop1,100,0,0,
"1,595","130,400",このレ`ス、最も人荬蚣めているのは\n春の三冠ウマ娘\n%h_pop1、1番人荬扦,1002801|1700501|%h_pop1|1002802,100,0,0,
"1,596","130,400",さあ、1番人荬谓B介です\n春の三冠ウマ娘\n%h_pop1,1002901|1700501|%h_pop1,100,0,0,
"1,597","130,400",1番人荬悉猡沥恧螭长文\n春の三冠ウマ娘\n%h_pop1,1003001|1700501|%h_pop1,100,0,0,
"1,598","130,402",Aく2番人荬洗氦稳冠ウマ娘\n%h_pop2,1003101|1700501|%h_pop2,100,0,0,
"1,599","130,402",2番人荬蚪B介しましょう\n春の三冠ウマ娘\n%h_pop2,1003201|1700501|%h_pop2,100,0,0,
"1,600","130,402",g力はけていません\n2番人荨⒋氦稳冠ウマ娘\n%h_pop2,1003301|1700501|%h_pop2,100,0,0,
"1,601","130,402",このuは少し不氦？\n2番人荬悉长文铩⒋氦稳冠ウマ娘\n%h_pop2,%w_0.2|1003401|1700501|%h_pop2,100,0,0,
"1,602","130,403",2番人荬蚪B介しましょう\n春の三冠ウマ娘\n%h_pop2,1003201|1700501|%h_pop2,100,0,0,
"1,603","130,403",このuは少し不氦？\n2番人荬悉长文铩⒋氦稳冠ウマ娘\n%h_pop2,%w_0.2|1003401|1700501|%h_pop2,100,0,0,
"1,604","130,404",3番人荬摔洗氦稳冠ウマ娘\n%h_pop3,1003501|1700501|%h_pop3,100,0,0,
"1,605","130,404",3番人荬悉长文铯扦埂\n春の三冠ウマ娘\n%h_pop3,1003601|1700501|%h_pop3,100,0,0,
"1,606","130,404",虎眈々と上位を狙っています\n3番人荬洗氦稳冠ウマ娘\n%h_pop3,1003701|1700501|%h_pop3,100,0,0,
"1,607","130,404",人荬g力を兼ね浃à\n春の三冠ウマ娘\n%h_pop3\n今日は3番人荬扦,1003801|1700501|%h_pop3|1003802,100,0,0,
"1,608","130,405",さあ、今日の主役はこのウマ娘を置いて他にいない\n春の三冠ウマ娘\n%h_pop1、1番人荬扦,1003901|1700501|%h_pop1|1002802,100,0,0,
"1,609","130,405",威L堂々とスタ`トを待つのはこのウマ娘\n春の三冠ウマ娘\n%h_pop1、1番人荬扦,1003903|1700501|%h_pop1|1002802,100,0,0,
"1,610","130,405",スタンドに押しかけた\nファンの期待を一身に背って\n春の三冠ウマ娘\n%h_pop1、1番人荬扦,1003905|1700501|%h_pop1|1002802,100,0,0,
"1,617","130,406",抗するのは春の三冠ウマ娘\n%h_pop2\n真っ向儇に注目だ,1004001|1700501|%h_pop2|1004002,100,0,0,
"1,618","130,406",2番人荬洗氦稳冠ウマ娘\n%h_pop2\ng力は1番人荬摔庖けを取りません,1004003|1700501|%h_pop2|1004004,100,0,0,
"1,619","130,406",さあ、2番人荬悉长文\n春の三冠ウマ娘\n%h_pop2\n十分に倮を狙えますよ,1004005|1700501|%h_pop2|1004006,100,0,0,
"1,620","130,406",抗するのは春の三冠ウマ娘\n%h_pop2\ng力は1番人荬摔庖けを取りません,1004001|1700501|%h_pop2|1004004,100,0,0,
"1,621","130,406",2番人荬洗氦稳冠ウマ娘\n%h_pop2\n十分に倮を狙えますよ,1004003|1700501|%h_pop2|1004006,100,0,0,
"1,622","130,406",さあ、2番人荬悉长文\n春の三冠ウマ娘\n%h_pop2\n真っ向儇に注目だ,1004005|1700501|%h_pop2|1004002,100,0,0,
"1,623","130,406",抗するのは春の三冠ウマ娘\n%h_pop2\n十分に倮を狙えますよ,1004001|1700501|%h_pop2|1004006,100,0,0,
"1,624","130,406",2番人荬洗氦稳冠ウマ娘\n%h_pop2\n真っ向儇に注目だ,1004003|1700501|%h_pop2|1004002,100,0,0,
"1,625","130,406",さあ、2番人荬悉长文\n春の三冠ウマ娘\n%h_pop2\ng力は1番人荬摔庖けを取りません,1004005|1700501|%h_pop2|1004004,100,0,0,
"1,626","130,407",春の三冠ウマ娘\n%h_pop3\nF在、3番人\n注目株のウマ娘だ！,1700501|%h_pop3|1004101|1004102,100,0,0,
"1,627","130,407",春の三冠ウマ娘\n%h_pop3\n3番人荬扦\n下w上は起りうるのか！？,1700501|%h_pop3|1004103|1004104,100,0,0,
"1,629","130,407",春の三冠ウマ娘\n%h_pop3\nF在、3番人\n下w上は起りうるのか！？,1700501|%h_pop3|1004101|1004104,100,0,0,
"1,630","130,407",春の三冠ウマ娘\n%h_pop3\n3番人荬扦\ng力はg`いなく上位です！,1700501|%h_pop3|1004103|1004106,100,0,0,
"1,632","130,407",春の三冠ウマ娘\n%h_pop3\nF在、3番人\ng力はg`いなく上位です！,1700501|%h_pop3|1004101|1004106,100,0,0,
"1,633","130,407",春の三冠ウマ娘\n%h_pop3\n3番人荬扦\n注目株のウマ娘だ！,1700501|%h_pop3|1004103|1004102,100,0,0,
"1,635","130,408",注目の春の三冠ウマ娘\n%h_player\n%p_waku_banでの出走,1088201|1700501|%h_player|%p_waku_ban,100,0,0,
"1,636","130,410",F在、1番人荬悉长长蓼o〈氦稳冠ウマ娘\n%h_pop1,1002701|1700101|1700501|%h_pop1,100,0,0,
"1,637","130,410",このレ`ス、最も人荬蚣めているのは\nここまでo〈氦稳冠ウマ娘\n%h_pop1、1番人荬扦,1002801|1700101|1700501|%h_pop1|1002802,100,0,0,
"1,638","130,410",さあ、1番人荬谓B介です\nここまでo〈氦稳冠ウマ娘\n%h_pop1,1002901|1700101|1700501|%h_pop1,100,0,0,
"1,639","130,410",1番人荬悉猡沥恧螭长文\nここまでo〈氦稳冠ウマ娘\n%h_pop1,1003001|1700101|1700501|%h_pop1,100,0,0,
"1,640","130,412",Aく2番人荬悉长长蓼o〈氦稳冠ウマ娘\n%h_pop2,1003101|1700101|1700501|%h_pop2,100,0,0,
"1,641","130,412",2番人荬蚪B介しましょう\nここまでo〈氦稳冠ウマ娘\n%h_pop2,1003201|1700101|1700501|%h_pop2,100,0,0,
"1,642","130,412",g力はけていません\n2番人荨ここまでo〈氦稳冠ウマ娘\n%h_pop2,1003301|1700101|1700501|%h_pop2,100,0,0,
"1,643","130,412",このuは少し不氦？\n2番人荬悉长文铩ここまでo〈氦稳冠ウマ娘\n%h_pop2,%w_0.2|1003401|1700101|1700501|%h_pop2,100,0,0,
"1,644","130,413",2番人荬蚪B介しましょう\nここまでo〈氦稳冠ウマ娘\n%h_pop2,1003201|1700101|1700501|%h_pop2,100,0,0,
"1,645","130,413",このuは少し不氦？\n2番人荬悉长文铩ここまでo〈氦稳冠ウマ娘\n%h_pop2,%w_0.2|1003401|1700101|1700501|%h_pop2,100,0,0,
"1,646","130,414",3番人荬摔悉长长蓼o〈氦稳冠ウマ娘\n%h_pop3,1003501|1700101|1700501|%h_pop3,100,0,0,
"1,647","130,414",3番人荬悉长文铯扦埂\nここまでo〈氦稳冠ウマ娘\n%h_pop3,1003601|1700101|1700501|%h_pop3,100,0,0,
"1,648","130,414",虎眈々と上位を狙っています\n3番人荬悉长长蓼o〈氦稳冠ウマ娘\n%h_pop3,1003701|1700101|1700501|%h_pop3,100,0,0,
"1,649","130,414",人荬g力を兼ね浃à\nここまでo〈氦稳冠ウマ娘\n%h_pop3\n今日は3番人荬扦,1003801|1700101|1700501|%h_pop3|1003802,100,0,0,
"1,650","130,415",さあ、今日の主役はこのウマ娘を置いて他にいない\nここまでo〈氦稳冠ウマ娘\n%h_pop1、1番人荬扦,1003901|1700101|1700501|%h_pop1|1002802,100,0,0,
"1,651","130,415",威L堂々とスタ`トを待つのはこのウマ娘\nここまでo〈氦稳冠ウマ娘\n%h_pop1、1番人荬扦,1003903|1700101|1700501|%h_pop1|1002802,100,0,0,
"1,652","130,415",スタンドに押しかけた\nファンの期待を一身に背って\nここまでo〈氦稳冠ウマ娘\n%h_pop1、1番人荬扦,1003905|1700101|1700501|%h_pop1|1002802,100,0,0,
"1,659","130,416",抗するのはここまでo〈氦稳冠ウマ娘\n%h_pop2\n真っ向儇に注目だ,1004001|1700101|1700501|%h_pop2|1004002,100,0,0,
"1,660","130,416",2番人荬悉长长蓼o〈氦稳冠ウマ娘\n%h_pop2\ng力は1番人荬摔庖けを取りません,1004003|1700101|1700501|%h_pop2|1004004,100,0,0,
"1,661","130,416",さあ、2番人荬悉长文\nここまでo〈氦稳冠ウマ娘\n%h_pop2\n十分に倮を狙えますよ,1004005|1700101|1700501|%h_pop2|1004006,100,0,0,
"1,662","130,416",抗するのはここまでo〈氦稳冠ウマ娘\n%h_pop2\ng力は1番人荬摔庖けを取りません,1004001|1700101|1700501|%h_pop2|1004004,100,0,0,
"1,663","130,416",2番人荬悉长长蓼o〈氦稳冠ウマ娘\n%h_pop2\n十分に倮を狙えますよ,1004003|1700101|1700501|%h_pop2|1004006,100,0,0,
"1,664","130,416",さあ、2番人荬悉长文\nここまでo〈氦稳冠ウマ娘\n%h_pop2\n真っ向儇に注目だ,1004005|1700101|1700501|%h_pop2|1004002,100,0,0,
"1,665","130,416",抗するのはここまでo〈氦稳冠ウマ娘\n%h_pop2\n十分に倮を狙えますよ,1004001|1700101|1700501|%h_pop2|1004006,100,0,0,
"1,666","130,416",2番人荬悉长长蓼o〈氦稳冠ウマ娘\n%h_pop2\n真っ向儇に注目だ,1004003|1700101|1700501|%h_pop2|1004002,100,0,0,
"1,667","130,416",さあ、2番人荬悉长文\nここまでo〈氦稳冠ウマ娘\n%h_pop2\ng力は1番人荬摔庖けを取りません,1004005|1700101|1700501|%h_pop2|1004004,100,0,0,
"1,668","130,417",ここまでo〈氦稳冠ウマ娘\n%h_pop3\nF在、3番人\n注目株のウマ娘だ！,1700101|1700501|%h_pop3|1004101|1004102,100,0,0,
"1,669","130,417",ここまでo〈氦稳冠ウマ娘\n%h_pop3\n3番人荬扦\n下w上は起りうるのか！？,1700101|1700501|%h_pop3|1004103|1004104,100,0,0,
"1,671","130,417",ここまでo〈氦稳冠ウマ娘\n%h_pop3\nF在、3番人\n下w上は起りうるのか！？,1700101|1700501|%h_pop3|1004101|1004104,100,0,0,
"1,672","130,417",ここまでo〈氦稳冠ウマ娘\n%h_pop3\n3番人荬扦\ng力はg`いなく上位です！,1700101|1700501|%h_pop3|1004103|1004106,100,0,0,
"1,674","130,417",ここまでo〈氦稳冠ウマ娘\n%h_pop3\nF在、3番人\ng力はg`いなく上位です！,1700101|1700501|%h_pop3|1004101|1004106,100,0,0,
"1,675","130,417",ここまでo〈氦稳冠ウマ娘\n%h_pop3\n3番人荬扦\n注目株のウマ娘だ！,1700101|1700501|%h_pop3|1004103|1004102,100,0,0,
"1,677","130,418",注目のここまでo〈氦稳冠ウマ娘\n%h_player\n%p_waku_banでの出走,1088201|1700101|1700501|%h_player|%p_waku_ban,100,0,0,
"1,678","130,500",F在、1番人荬隙冠ウマ娘\n%h_pop1,1002701|1700601|%h_pop1,100,0,0,
"1,679","130,500",このレ`ス、最も人荬蚣めているのは\n二冠ウマ娘\n%h_pop1、1番人荬扦,1002801|1700601|%h_pop1|1002802,100,0,0,
"1,680","130,500",さあ、1番人荬谓B介です\n二冠ウマ娘\n%h_pop1,1002901|1700601|%h_pop1,100,0,0,
"1,681","130,500",1番人荬悉猡沥恧螭长文\n二冠ウマ娘\n%h_pop1,1003001|1700601|%h_pop1,100,0,0,
"1,682","130,502",Aく2番人荬隙冠ウマ娘\n%h_pop2,1003101|1700601|%h_pop2,100,0,0,
"1,683","130,502",2番人荬蚪B介しましょう\n二冠ウマ娘\n%h_pop2,1003201|1700601|%h_pop2,100,0,0,
"1,684","130,502",g力はけていません\n2番人荨⒍冠ウマ娘\n%h_pop2,1003301|1700601|%h_pop2,100,0,0,
"1,685","130,502",このuは少し不氦？\n2番人荬悉长文铩⒍冠ウマ娘\n%h_pop2,%w_0.2|1003401|1700601|%h_pop2,100,0,0,
"1,686","130,503",2番人荬蚪B介しましょう\n二冠ウマ娘\n%h_pop2,1003201|1700601|%h_pop2,100,0,0,
"1,687","130,503",このuは少し不氦？\n2番人荬悉长文铩⒍冠ウマ娘\n%h_pop2,%w_0.2|1003401|1700601|%h_pop2,100,0,0,
"1,688","130,504",3番人荬摔隙冠ウマ娘\n%h_pop3,1003501|1700601|%h_pop3,100,0,0,
"1,689","130,504",3番人荬悉长文铯扦埂\n二冠ウマ娘\n%h_pop3,1003601|1700601|%h_pop3,100,0,0,
"1,690","130,504",虎眈々と上位を狙っています\n3番人荬隙冠ウマ娘\n%h_pop3,1003701|1700601|%h_pop3,100,0,0,
"1,691","130,504",人荬g力を兼ね浃à\n二冠ウマ娘\n%h_pop3\n今日は3番人荬扦,1003801|1700601|%h_pop3|1003802,100,0,0,
"1,692","130,505",さあ、今日の主役はこのウマ娘を置いて他にいない\n二冠ウマ娘\n%h_pop1、1番人荬扦,1003901|1700601|%h_pop1|1002802,100,0,0,
"1,693","130,505",威L堂々とスタ`トを待つのはこのウマ娘\n二冠ウマ娘\n%h_pop1、1番人荬扦,1003903|1700601|%h_pop1|1002802,100,0,0,
"1,694","130,505",スタンドに押しかけた\nファンの期待を一身に背って\n二冠ウマ娘\n%h_pop1、1番人荬扦,1003905|1700601|%h_pop1|1002802,100,0,0,
"1,701","130,506",抗するのは二冠ウマ娘\n%h_pop2\n真っ向儇に注目だ,1004001|1700601|%h_pop2|1004002,100,0,0,
"1,702","130,506",2番人荬隙冠ウマ娘\n%h_pop2\ng力は1番人荬摔庖けを取りません,1004003|1700601|%h_pop2|1004004,100,0,0,
"1,703","130,506",さあ、2番人荬悉长文\n二冠ウマ娘\n%h_pop2\n十分に倮を狙えますよ,1004005|1700601|%h_pop2|1004006,100,0,0,
"1,704","130,506",抗するのは二冠ウマ娘\n%h_pop2\ng力は1番人荬摔庖けを取りません,1004001|1700601|%h_pop2|1004004,100,0,0,
"1,705","130,506",2番人荬隙冠ウマ娘\n%h_pop2\n十分に倮を狙えますよ,1004003|1700601|%h_pop2|1004006,100,0,0,
"1,706","130,506",さあ、2番人荬悉长文\n二冠ウマ娘\n%h_pop2\n真っ向儇に注目だ,1004005|1700601|%h_pop2|1004002,100,0,0,
