id,category,index,text
211,211,3,　スト`リ`イベント_催Q定！,
211,211,4,　スト`リ`イベント_催Q定！,
211,211,5,　スト`リ`イベント_催Q定！,
211,211,6,　スト`リ`イベント_催Q定！,
211,211,9,　スト`リ`イベント_催Q定！,
211,211,10,　スト`リ`イベント_催Q定！,
212,212,3,　<caption = ''>7/29 12:00から、スト`リ`イベント「あの娘が水着に着替えたら　ウマ娘夏物Z」の_催がQ定しました！\n\nスト`リ`イベント「あの娘が水着に着替えたら　ウマ娘夏物Z」は、ウマ娘たちを育成してイベントPtを集め、限定スト`リ`の解放や限定SSRサポ`トカ`ドなど豪A蟪辘潍@得を目指すイベントです。\n\n今回から、イベント予告にボイスを追加いたしました。\n予告ボイスはイベント蟪晔埭比・昶陂gK了後、ホ`ムの[スト`リ`]から[エクストラ]をxkして再生できます。</caption>\n\n<caption = '_催期g'>7/29 12:00 ～ 8/11 11:59</caption>\n\n<caption = '注意事'>1. スト`リ`イベントについてのは、イベント_催後に鬏dされるお知らせや、スト`リ`イベント「あの娘が水着に着替えたら　ウマ娘夏物Z」のトップ画面右上の[ヘルプ]をご_Jください。\n2. イベント_催期gおよび内容は、予告なく涓する龊悉あります。</caption>,
187,187,1,蟪戢@得量UP,
187,187,2,挑榛厥UP,
187,187,3,TVアニメ第2期最K回暝ミッション,
187,187,4,リリ`ス念ミッション 第1,
187,187,5,リリ`ス念ミッション 第2,
187,187,11,春のG1念ミッション第2(NHKマイル),
187,187,13,春のG1念ミッション 第1(@花p),
187,187,15,挑榛厥UP,
187,187,16,春のG1念ミッション 第1(w月p),
187,187,17,ゴルシちゃんのGW特eミッション,
187,187,18,春のG1念ミッション 第1(天皇p（春）),
187,187,23,レンタル回数UP,
187,187,24,挑榛厥UP,
187,187,26,挑榛厥UP,
187,187,27,挑榛厥UP,
187,187,30,春のG1念ミッション 第2(ヴィクトリアマイル),
187,187,35,春のG1念ミッション 第2(オ`クス),
187,187,40,春のG1念ミッション 第2(日本ダ`ビ`),
187,187,45,春のGⅠ念ミッション 第2\n安田念,
187,187,47,春のGⅠ念ミッション 第2\n宝V念,
187,187,49,トレセン学@特e\n名トレ`ナ`への道！,
187,187,50,リリ`ス念ミッション 第2,
187,187,61,ゴルシちゃんモ`ド,
187,187,62,ショ`タイムモ`ド,
187,187,90,メインスト`リ`第4章\n公_念ミッション,
187,187,91,挑榛厥UP,
187,187,97,特定レ`ス蟪辚冤`ス追加,
187,187,100,Half Anniversary念ミッション\n第1,
187,187,101,Half Anniversary念ミッション\n第2,
187,187,102,Half Anniversary念ミッション\n第3,
187,187,103,特定レ`ス蟪辚冤`ス追加,
187,187,105,秋のGⅠ念ミッション 第1\nスプリンタ`ズS,
187,187,106,秋のGⅠ念ミッション 第2\n秋Ap,
187,187,107,秋のGⅠ念ミッション 第2\n菊花p,
187,187,108,秋のGⅠ念ミッション 第2\n天皇p（秋）,
187,187,109,秋のGⅠ念ミッション 第3\nエリザベス女王杯,
187,187,110,秋のGⅠ念ミッション 第3\nマイルCS,
187,187,111,秋のGⅠ念ミッション 第3\nジャパンC,
187,187,112,秋のGⅠ念ミッション 第3\nチャンピオンズC,
187,187,113,秋のGⅠ念ミッション 第3\n阪神ジュベナイルF,
187,187,114,秋のGⅠ念ミッション 第3\n朝日杯FS,
187,187,115,秋のGⅠ念ミッション 第3\n有R念,
187,187,116,秋のGⅠ念ミッション 第3\nホ`プフルS,
187,187,117,挑榛厥UP,
187,187,118,挑榛厥UP,
187,187,119,挑榛厥UP,
187,187,120,トレセン学@特e\n名トレ`ナ`への道！第2,
187,187,121,特定レ`ス蟪辚冤`ス追加,
187,187,122,特定レ`ス蟪辚冤`ス追加,
187,187,123,温泉旅行券当x_率UP,
187,187,124,TP消M 1/2,
187,187,125,「WINで_定」_率UP,
187,187,126,挑榛厥UP,
188,188,1,育成中に@得できる象アイテムの量が2倍になります,
188,188,2,叭昭a充されるチケットの枚数が3枚えます,
188,188,15,叭昭a充されるチケットの枚数が3枚えます,
188,188,23,@承ウマ娘のレンタル回数が2回えます,
188,188,24,叭昭a充されるチケットの枚数が3枚えます,
188,188,26,叭昭a充されるチケットの枚数が3枚えます,
188,188,27,叭昭a充されるチケットの枚数が3枚えます,
188,188,61,このモ`ドで育成すると、育成したウマ娘の\n目诉_成に辘袱匹蕙拴`を追加で@得できます,
188,188,62,追加蟪辘@得できる「ショ`タイムモ`ド」\nで育成することができます,
188,188,91,叭昭a充されるチケットの枚数が3枚えます,
188,188,97,育成中に特定レ`スで出走?倮すると、\n1日1回ピ`スが@得できます,
188,188,103,育成中に特定レ`スで出走?倮すると、\n1日1回ピ`スが@得できます,
188,188,117,叭昭a充されるチケットの枚数が3枚えます,
188,188,118,叭昭a充されるチケットの枚数が3枚えます,
188,188,119,叭昭a充されるチケットの枚数が3枚えます,
188,188,121,育成中に特定レ`スで出走?倮すると、\n1日1回ピ`スが@得できます,
188,188,122,育成中に特定レ`スで出走?倮すると、\n1日1回ピ`スが@得できます,
188,188,123,温泉旅行券の当x_率がアップします,
188,188,124,育成_始に必要な消MTPが1/2になります,
188,188,125,WINでウイニング蟪戢@得が_定する\nレ`スのk生_率がアップします,
188,188,126,叭昭a充されるチケットの枚数が3枚えます,
236,236,62,フジキセキのショ`タイム,
233,233,401,Lv1,
233,233,402,Lv2,
233,233,403,Lv3,
233,233,404,Lv4,
233,233,405,Lv5,
234,234,1,シルクハット蟪,
234,234,2,ステッキ蟪,
235,235,"1,001",SHOWゲ`ジ,
239,239,"1,000",このモ`ドで育成すると、育成したウマ娘の\n目诉_成に辘袱匹蕙拴`を追加で@得できます,
239,239,"1,001",SHOWゲ`ジをAめて追加蟪辘颢@得！\n挑椁工腚y易度と目诉_成率に辘袱\nSHOWゲ`ジが上Nします,
245,245,401,レ`ス相手がちょっとくなる,
245,245,402,レ`ス相手がわずかにくなる,
245,245,403,レ`ス相手が少しくなる,
245,245,404,レ`ス相手がくなる,
245,245,405,レ`ス相手がすごくくなる,
246,246,1,フジキセキの大魔g！以下の蟪辘颢@得できます。,
246,246,2,フジキセキのAなマジック！以下の蟪辘颢@得できます。,
4,4,"100,101",[スペシャルドリ`マ`]スペシャルウィ`ク,
4,4,"100,102",[ほっぴん?ビタミンハ`ト]スペシャルウィ`ク,
4,4,"100,201",[サイレントイノセンス]サイレンススズカ,
4,4,"100,301",[トップ?オブ?ジョイフル]トウカイテイオ`,
4,4,"100,302",[ビヨンド?ザ?ホライズン]トウカイテイオ`,
4,4,"100,401",[フォ`ミュラオブル`ジュ]マルゼンスキ`,
4,4,"100,402",[ぶっとび☆さま`ナイト]マルゼンスキ`,
4,4,"100,501",[シュ`ティンスタァ?ルヴュ]フジキセキ,
4,4,"100,601",[スタ`ライトビ`ト]オグリキャップ,
4,4,"100,602",[キセキの白星]オグリキャップ,
4,4,"100,701",[レッドストライフ]ゴ`ルドシップ,
4,4,"100,801",[ワイルドトップギア]ウオッカ,
4,4,"100,901",[トップ?オブ?ブル`]ダイワスカ`レット,
4,4,"101,001",[ワイルド?フロンティア]タイキシャトル,
4,4,"101,101",[岩穿つ青]グラスワンダ`,
4,4,"101,102",[セイントジェ`ド?ヒ`ラ`]グラスワンダ`,
4,4,"101,201",[アマゾネス?ラピス]ヒシアマゾン,
4,4,"101,301",[エレガンス?ライン]メジロマックイ`ン,
4,4,"101,302",[エンド?オブ?スカイ]メジロマックイ`ン,
4,4,"101,401",[エル☆Número 1]エルコンドルパサ`,
4,4,"101,402",[ククルカン?モンク]エルコンドルパサ`,
4,4,"101,501",[オ`?ソレ?ス`オ！]テイエムオペラオ`,
4,4,"101,502",[初晴?青きk]テイエムオペラオ`,
4,4,"101,601",[Maverick]ナリタブライアン,
4,4,"101,701",[ロ`ド?オブ?エンペラ`]シンボリルドルフ,
4,4,"101,702",[皓月の弓取り]シンボリルドルフ,
4,4,"101,801",[エンプレスロ`ド]エアグル`ヴ,
4,4,"101,802",[クエルクス?キウィ`リス]エアグル`ヴ,
4,4,"101,901",[超特急！フルカラ`特殊PP]アグネスデジタル,
4,4,"102,001",[あおぐもサミング]セイウンスカイ,
4,4,"102,101",[疾L迅雷]タマモクロス,
4,4,"102,201",[Noble Seamair]ファインモ`ション,
4,4,"102,301",[pf.Victory formula...]ビワハヤヒデ,
4,4,"102,302",[ノエル`ジュ?キャロル]ビワハヤヒデ,
4,4,"102,401",[すくらんぶる☆ゾ`ン]マヤノトップガン,
4,4,"102,402",[サンライト?ブ`ケ]マヤノトップガン,
4,4,"102,501",[Creeping Black]マンハッタンカフェ,
4,4,"102,601",[MB-19890425]ミホノブルボン,
4,4,"102,602",[CODE：グラサ`ジュ]ミホノブルボン,
4,4,"102,701",[ストレ`ト?ライン]メジロライアン,
4,4,"102,801",[ボ`ノ☆アラモ`ダ]ヒシアケボノ,
4,4,"103,001",[ロ`ゼスドリ`ム]ライスシャワ`,
4,4,"103,002",[Make up Vampire!]ライスシャワ`,
4,4,"103,201",[tach-nology]アグネスタキオン,
4,4,"103,501",[Go To Winning!]ウイニングチケット,
4,4,"103,701",[Meisterschaft]エイシンフラッシュ,
4,4,"103,702",[コレクト?ショコラティエ]エイシンフラッシュ,
4,4,"103,801",[フィ`ユ?エクレ`ル]カレンチャン,
4,4,"103,901",[プリンセス?オブ?ピンク]カワカミプリンセス,
4,4,"104,001",[オ`センティック/1928]ゴ`ルドシチ`,
4,4,"104,002",[秋@ダンツァトリ`チェ]ゴ`ルドシチ`,
4,4,"104,101",[サクラ、すすめ！]サクラバクシンオ`,
4,4,"104,501",[マ`マリングストリ`ム]ス`パ`クリ`ク,
4,4,"104,502",[シフォンリボンマミ`]ス`パ`クリ`ク,
4,4,"104,601",[あぶそりゅ`と☆LOVE]スマ`トファルコン,
4,4,"104,801",[ポップス☆ジョ`カ`]ト`センジョ`ダン,
4,4,"105,001",[Nevertheless]ナリタタイシン,
4,4,"105,201",[うららん一等p?]ハルウララ,
4,4,"105,202",[初うらら?さくさくら]ハルウララ,
4,4,"105,601",[\萆N☆幸福万来]マチカネフクキタル,
4,4,"105,602",[吉兆?初あらし]マチカネフクキタル,
4,4,"105,801",[ブル`/レイジング]メイショウドトウ,
4,4,"105,901",[ツイステッド?ライン]メジロド`ベル,
4,4,"106,001",[ポインセチア?リボン]ナイスネイチャ,
4,4,"106,101",[キング?オブ?エメラルド]キングヘイロ`,
4,4,"106,901",[日下_山?花あかり]サクラチヨノオ`,
5,5,"100,101",[スペシャルドリ`マ`],
5,5,"100,102",[ほっぴん?ビタミンハ`ト],
5,5,"100,201",[サイレントイノセンス],
5,5,"100,301",[トップ?オブ?ジョイフル],
5,5,"100,302",[ビヨンド?ザ?ホライズン],
5,5,"100,401",[フォ`ミュラオブル`ジュ],
5,5,"100,402",[ぶっとび☆さま`ナイト],
5,5,"100,501",[シュ`ティンスタァ?ルヴュ],
5,5,"100,601",[スタ`ライトビ`ト],
5,5,"100,602",[キセキの白星],
5,5,"100,701",[レッドストライフ],
5,5,"100,801",[ワイルドトップギア],
5,5,"100,901",[トップ?オブ?ブル`],
5,5,"101,001",[ワイルド?フロンティア],
5,5,"101,101",[岩穿つ青],
5,5,"101,102",[セイントジェ`ド?ヒ`ラ`],
5,5,"101,201",[アマゾネス?ラピス],
5,5,"101,301",[エレガンス?ライン],
5,5,"101,302",[エンド?オブ?スカイ],
5,5,"101,401",[エル☆Número 1],
5,5,"101,402",[ククルカン?モンク],
5,5,"101,501",[オ`?ソレ?ス`オ！],
5,5,"101,502",[初晴?青きk],
5,5,"101,601",[Maverick],
5,5,"101,701",[ロ`ド?オブ?エンペラ`],
5,5,"101,702",[皓月の弓取り],
5,5,"101,801",[エンプレスロ`ド],
5,5,"101,802",[クエルクス?キウィ`リス],
5,5,"101,901",[超特急！フルカラ`特殊PP],
5,5,"102,001",[あおぐもサミング],
5,5,"102,101",[疾L迅雷],
5,5,"102,201",[Noble Seamair],
5,5,"102,301",[pf.Victory formula...],
5,5,"102,302",[ノエル`ジュ?キャロル],
5,5,"102,401",[すくらんぶる☆ゾ`ン],
5,5,"102,402",[サンライト?ブ`ケ],
5,5,"102,501",[Creeping Black],
5,5,"102,601",[MB-19890425],
5,5,"102,602",[CODE：グラサ`ジュ],
5,5,"102,701",[ストレ`ト?ライン],
5,5,"102,801",[ボ`ノ☆アラモ`ダ],
5,5,"103,001",[ロ`ゼスドリ`ム],
5,5,"103,002",[Make up Vampire!],
5,5,"103,201",[tach-nology],
5,5,"103,501",[Go To Winning!],
5,5,"103,701",[Meisterschaft],
5,5,"103,702",[コレクト?ショコラティエ],
5,5,"103,801",[フィ`ユ?エクレ`ル],
5,5,"103,901",[プリンセス?オブ?ピンク],
5,5,"104,001",[オ`センティック/1928],
5,5,"104,002",[秋@ダンツァトリ`チェ],
5,5,"104,101",[サクラ、すすめ！],
5,5,"104,501",[マ`マリングストリ`ム],
5,5,"104,502",[シフォンリボンマミ`],
5,5,"104,601",[あぶそりゅ`と☆LOVE],
5,5,"104,801",[ポップス☆ジョ`カ`],
5,5,"105,001",[Nevertheless],
5,5,"105,201",[うららん一等p?],
5,5,"105,202",[初うらら?さくさくら],
5,5,"105,601",[\萆N☆幸福万来],
5,5,"105,602",[吉兆?初あらし],
5,5,"105,801",[ブル`/レイジング],
5,5,"105,901",[ツイステッド?ライン],
5,5,"106,001",[ポインセチア?リボン],
5,5,"106,101",[キング?オブ?エメラルド],
5,5,"106,901",[日下_山?花あかり],
6,6,"1,001",スペシャルウィ`ク,
6,6,"1,002",サイレンススズカ,
6,6,"1,003",トウカイテイオ`,
6,6,"1,004",マルゼンスキ`,
6,6,"1,005",フジキセキ,
6,6,"1,006",オグリキャップ,
6,6,"1,007",ゴ`ルドシップ,
6,6,"1,008",ウオッカ,
6,6,"1,009",ダイワスカ`レット,
6,6,"1,010",タイキシャトル,
6,6,"1,011",グラスワンダ`,
6,6,"1,012",ヒシアマゾン,
6,6,"1,013",メジロマックイ`ン,
6,6,"1,014",エルコンドルパサ`,
6,6,"1,015",テイエムオペラオ`,
6,6,"1,016",ナリタブライアン,
6,6,"1,017",シンボリルドルフ,
6,6,"1,018",エアグル`ヴ,
6,6,"1,019",アグネスデジタル,
6,6,"1,020",セイウンスカイ,
6,6,"1,021",タマモクロス,
6,6,"1,022",ファインモ`ション,
6,6,"1,023",ビワハヤヒデ,
6,6,"1,024",マヤノトップガン,
6,6,"1,025",マンハッタンカフェ,
6,6,"1,026",ミホノブルボン,
6,6,"1,027",メジロライアン,
6,6,"1,028",ヒシアケボノ,
6,6,"1,029",ユキノビジン,
6,6,"1,030",ライスシャワ`,
6,6,"1,031",アイネスフウジン,
6,6,"1,032",アグネスタキオン,
6,6,"1,033",アドマイヤベガ,
6,6,"1,034",イナリワン,
6,6,"1,035",ウイニングチケット,
6,6,"1,036",エアシャカ`ル,
6,6,"1,037",エイシンフラッシュ,
6,6,"1,038",カレンチャン,
6,6,"1,039",カワカミプリンセス,
6,6,"1,040",ゴ`ルドシチ`,
6,6,"1,041",サクラバクシンオ`,
6,6,"1,042",シ`キングザパ`ル,
6,6,"1,043",シンコウウインディ,
6,6,"1,044",スイ`プトウショウ,
6,6,"1,045",ス`パ`クリ`ク,
6,6,"1,046",スマ`トファルコン,
6,6,"1,047",ゼンノロブロイ,
6,6,"1,048",ト`センジョ`ダン,
6,6,"1,049",ナカヤマフェスタ,
6,6,"1,050",ナリタタイシン,
6,6,"1,051",ニシノフラワ`,
6,6,"1,052",ハルウララ,
6,6,"1,053",バンブ`メモリ`,
6,6,"1,054",ビコ`ペガサス,
6,6,"1,055",マ`ベラスサンデ`,
6,6,"1,056",マチカネフクキタル,
6,6,"1,057",ミスタ`シ`ビ`,
6,6,"1,058",メイショウドトウ,
6,6,"1,059",メジロド`ベル,
6,6,"1,060",ナイスネイチャ,
6,6,"1,061",キングヘイロ`,
6,6,"1,062",マチカネタンホイザ,
6,6,"1,063",イクノディクタス,
6,6,"1,064",メジロパ`マ`,
6,6,"1,065",ダイタクヘリオス,
6,6,"1,066",ツインタ`ボ,
6,6,"1,067",サトノダイヤモンド,
6,6,"1,068",キタサンブラック,
6,6,"1,069",サクラチヨノオ`,
6,6,"1,070",シリウスシンボリ,
6,6,"1,071",メジロアルダン,
6,6,"1,072",ヤエノムテキ,
6,6,"1,074",メジロブライト,
6,6,"2,001",ハッピ`ミ`ク,
6,6,"2,002",ビタ`グラッセ,
6,6,"2,003",リトルココン,
6,6,"9,001",E川たづな,
6,6,"9,002",秋川理事L,
6,6,"9,003",乙名史者,
6,6,"9,004",桐生院トレ`ナ`,
6,6,"9,005",安心g刺々美,
6,6,"9,006",俦纠碜,
7,7,"1,001",和猡ず未,
7,7,"1,002",高野麻里佳,
7,7,"1,003",Machico,
7,7,"1,004",Lynn,
7,7,"1,005",松井{理子,
7,7,"1,006",高柳知~,
7,7,"1,007",上田瞳,
7,7,"1,008",大虿氏,
7,7,"1,009",木村千D,
7,7,"1,010",大坪由佳,
7,7,"1,011",前田玲奈,
7,7,"1,012",巽悠衣子,
7,7,"1,013",大西沙,
7,7,"1,014",{颔撺圣,
7,7,"1,015",跃青空,
7,7,"1,016",衣川里佳,
7,7,"1,017",田所あずさ,
7,7,"1,018",青木璃子,
7,7,"1,019",木みのり,
7,7,"1,020",鬼^明里,
7,7,"1,021",大空直美,
7,7,"1,022",虮兢沥胜,
7,7,"1,023",近藤唯,
7,7,"1,024",星谷美w,
7,7,"1,025",小}唯,
7,7,"1,026",L谷川育美,
7,7,"1,027",土文,
7,7,"1,028",松名,
7,7,"1,029",山本希望,
7,7,"1,030",石舞菜香,
7,7,"1,031",X内ともみ,
7,7,"1,032",上坂すみれ,
7,7,"1,033",D々木瞳,
7,7,"1,034",井上遥乃,
7,7,"1,035",渡部衣,
7,7,"1,036",津田美波,
7,7,"1,037",藤野彩水,
7,7,"1,038",S原侑,
7,7,"1,039",高蚧林,
7,7,"1,040",香坂さき,
7,7,"1,041",三杉千香,
7,7,"1,042",福原c香,
7,7,"1,043",高田n希,
7,7,"1,044",杉浦しおり,
7,7,"1,045",木かな,
7,7,"1,046",大和田仁美,
7,7,"1,047",照井春佳,
7,7,"1,048",木}理,
7,7,"1,049",下地紫野,
7,7,"1,050",渡部{子,
7,7,"1,051",河井晴菜,
7,7,"1,052",首藤志奈,
7,7,"1,053",{原ことみ,
7,7,"1,054",田中あいみ,
7,7,"1,055",三宅麻理{,
7,7,"1,056",新田ひより,
7,7,"1,057",天海由梨奈,
7,7,"1,058",和多田美D,
7,7,"1,059",久保田ひかり,
7,7,"1,060",前田佳里,
7,7,"1,061",佐伯伊,
7,7,"1,062",h野ひかる,
7,7,"1,063",田绍约,
7,7,"1,064",のぐちゆり,
7,7,"1,065",山根_,
7,7,"1,066",花井美春,
7,7,"1,067",立花日菜,
7,7,"1,068",矢野妃菜喜,
7,7,"1,069",野口璃子,
7,7,"1,070",ファイル`ズあい,
7,7,"1,071",会g弥,
7,7,"1,072",日原あゆみ,
7,7,"1,074",大西_A,
7,7,"2,001",吉Dみゆ,
7,7,"2,002",u田垡,
7,7,"2,003",白砂沙帆,
7,7,"9,001",藤井ゆきよ,
7,7,"9,002",水颏おり,
7,7,"9,003",陶山{g里,
7,7,"9,004",D美保,
7,7,"9,005",井上喜久子,
7,7,"9,006",朴璐美,
170,170,"1,001",スペシャルウィ`ク,
170,170,"1,002",サイレンススズカ,
170,170,"1,003",トウカイテイオ`,
170,170,"1,004",マルゼンスキ`,
170,170,"1,005",フジキセキ,
170,170,"1,006",オグリキャップ,
170,170,"1,007",ゴ`ルドシップ,
170,170,"1,008",ウオッカ,
170,170,"1,009",ダイワスカ`レット,
170,170,"1,010",タイキシャトル,
170,170,"1,011",グラスワンダ`,
170,170,"1,012",ヒシアマゾン,
170,170,"1,013",メジロマックイ`ン,
170,170,"1,014",エルコンドルパサ`,
170,170,"1,015",テイエムオペラオ`,
170,170,"1,016",ナリタブライアン,
170,170,"1,017",シンボリルドルフ,
170,170,"1,018",エアグル`ヴ,
170,170,"1,019",アグネスデジタル,
170,170,"1,020",セイウンスカイ,
170,170,"1,021",タマモクロス,
170,170,"1,022",ファインモ`ション,
170,170,"1,023",ビワハヤヒデ,
170,170,"1,024",マヤノトップガン,
170,170,"1,025",マンハッタンカフェ,
170,170,"1,026",ミホノブルボン,
170,170,"1,027",メジロライアン,
170,170,"1,028",ヒシアケボノ,
170,170,"1,029",ユキノビジン,
170,170,"1,030",ライスシャワ`,
170,170,"1,031",アイネスフウジン,
170,170,"1,032",アグネスタキオン,
170,170,"1,033",アドマイヤベガ,
170,170,"1,034",イナリワン,
170,170,"1,035",ウイニングチケット,
170,170,"1,036",エアシャカ`ル,
170,170,"1,037",エイシンフラッシュ,
170,170,"1,038",カレンチャン,
170,170,"1,039",カワカミプリンセス,
170,170,"1,040",ゴ`ルドシチ`,
170,170,"1,041",サクラバクシンオ`,
170,170,"1,042",シ`キングザパ`ル,
170,170,"1,043",シンコウウインディ,
170,170,"1,044",スイ`プトウショウ,
170,170,"1,045",ス`パ`クリ`ク,
170,170,"1,046",スマ`トファルコン,
170,170,"1,047",ゼンノロブロイ,
170,170,"1,048",ト`センジョ`ダン,
170,170,"1,049",ナカヤマフェスタ,
170,170,"1,050",ナリタタイシン,
170,170,"1,051",ニシノフラワ`,
170,170,"1,052",ハルウララ,
170,170,"1,053",バンブ`メモリ`,
170,170,"1,054",ビコ`ペガサス,
170,170,"1,055",マ`ベラスサンデ`,
170,170,"1,056",マチカネフクキタル,
170,170,"1,057",ミスタ`シ`ビ`,
170,170,"1,058",メイショウドトウ,
170,170,"1,059",メジロド`ベル,
170,170,"1,060",ナイスネイチャ,
170,170,"1,061",キングヘイロ`,
170,170,"1,062",マチカネタンホイザ,
170,170,"1,063",イクノディクタス,
170,170,"1,064",メジロパ`マ`,
170,170,"1,065",ダイタクヘリオス,
170,170,"1,066",ツインタ`ボ,
170,170,"1,067",サトノダイヤモンド,
170,170,"1,068",キタサンブラック,
170,170,"1,069",サクラチヨノオ`,
170,170,"1,070",シリウスシンボリ,
170,170,"1,071",メジロアルダン,
170,170,"1,072",ヤエノムテキ,
170,170,"1,074",メジロブライト,
170,170,"2,001",ハッピ`ミ`ク,
170,170,"2,002",ビタ`グラッセ,
170,170,"2,003",リトルココン,
170,170,"9,001",E川たづな,
170,170,"9,002",秋川やよい,
170,170,"9,003",乙名史悦子,
170,170,"9,004",桐生院葵,
170,170,"9,005",安心g刺々美,
170,170,"9,006",俦纠碜,
182,182,"1,001",スペシャルウィ`ク,
182,182,"1,002",サイレンススズカ,
182,182,"1,003",トウカイテイオ`,
182,182,"1,004",マルゼンスキ`,
182,182,"1,005",フジキセキ,
182,182,"1,006",オグリキャップ,
182,182,"1,007",ゴ`ルドシップ,
182,182,"1,008",ウオッカ,
182,182,"1,009",ダイワスカ`レット,
182,182,"1,010",タイキシャトル,
182,182,"1,011",グラスワンダ`,
182,182,"1,012",ヒシアマゾン,
182,182,"1,013",メジロマックイ`ン,
182,182,"1,014",エルコンドルパサ`,
182,182,"1,015",テイエムオペラオ`,
182,182,"1,016",ナリタブライアン,
182,182,"1,017",シンボリルドルフ,
182,182,"1,018",エアグル`ヴ,
182,182,"1,019",アグネスデジタル,
182,182,"1,020",セイウンスカイ,
182,182,"1,021",タマモクロス,
182,182,"1,022",ファインモ`ション,
182,182,"1,023",ビワハヤヒデ,
182,182,"1,024",マヤノトップガン,
182,182,"1,025",マンハッタンカフェ,
182,182,"1,026",ミホノブルボン,
182,182,"1,027",メジロライアン,
182,182,"1,028",ヒシアケボノ,
182,182,"1,029",ユキノビジン,
182,182,"1,030",ライスシャワ`,
182,182,"1,031",アイネスフウジン,
182,182,"1,032",アグネスタキオン,
182,182,"1,033",アドマイヤベガ,
182,182,"1,034",イナリワン,
182,182,"1,035",ウイニングチケット,
182,182,"1,036",エアシャカ`ル,
182,182,"1,037",エイシンフラッシュ,
182,182,"1,038",カレンチャン,
182,182,"1,039",カワカミプリンセス,
182,182,"1,040",ゴ`ルドシチ`,
182,182,"1,041",サクラバクシンオ`,
182,182,"1,042",シ`キングザパ`ル,
182,182,"1,043",シンコウウインディ,
182,182,"1,044",スイ`プトウショウ,
182,182,"1,045",ス`パ`クリ`ク,
182,182,"1,046",スマ`トファルコン,
182,182,"1,047",ゼンノロブロイ,
182,182,"1,048",ト`センジョ`ダン,
182,182,"1,049",ナカヤマフェスタ,
182,182,"1,050",ナリタタイシン,
182,182,"1,051",ニシノフラワ`,
182,182,"1,052",ハルウララ,
182,182,"1,053",バンブ`メモリ`,
182,182,"1,054",ビコ`ペガサス,
182,182,"1,055",マ`ベラスサンデ`,
182,182,"1,056",マチカネフクキタル,
182,182,"1,057",ミスタ`シ`ビ`,
182,182,"1,058",メイショウドトウ,
182,182,"1,059",メジロド`ベル,
182,182,"1,060",ナイスネイチャ,
182,182,"1,061",キングヘイロ`,
182,182,"1,062",マチカネタンホイザ,
182,182,"1,063",イクノディクタス,
182,182,"1,064",メジロパ`マ`,
182,182,"1,065",ダイタクヘリオス,
182,182,"1,066",ツインタ`ボ,
182,182,"1,067",サトノダイヤモンド,
182,182,"1,068",キタサンブラック,
182,182,"1,069",サクラチヨノオ`,
182,182,"1,070",シリウスシンボリ,
182,182,"1,071",メジロアルダン,
182,182,"1,072",ヤエノムテキ,
182,182,"1,074",メジロブライト,
182,182,"2,001",ハッピ`ミ`ク,
182,182,"2,002",ビタ`グラッセ,
182,182,"2,003",リトルココン,
182,182,"9,001",ハヤカワタヅナ,
182,182,"9,002",アキカワヤヨイ,
182,182,"9,003",オトナシエツコ,
182,182,"9,004",キリュウインアオイ,
182,182,"9,005",アンシンザワササミ,
182,182,"9,006",カシモトリコ,
241,241,1,レ`シングカ`ニバル,
242,242,1,レ`シングカ`ニバル,
243,243,1,大差,
243,243,2,10バ身差,
243,243,3,9バ身差,
243,243,4,8バ身差,
243,243,5,7バ身差,
243,243,6,6バ身差,
243,243,7,5バ身差,
243,243,8,4バ身差,
243,243,9,3 1/2バ身差,
243,243,10,3バ身差,
243,243,11,2 1/2バ身差,
243,243,12,2バ身差,
243,243,13,1 3/4バ身差,
243,243,14,1 1/2バ身差,
243,243,15,1 1/4バ身差,
243,243,16,1バ身差,
243,243,17,3/4バ身差,
243,243,18,1/2バ身差,
243,243,19,ハナ差,
243,243,20,アタマ差,
243,243,21,クビ差,
243,243,22,大穴,
243,243,23,スタ`トダッシュ,
243,243,24,固有スキルLv10k[★～★★],
243,243,25,固有スキルLv9k[★～★★],
243,243,26,固有スキルLv8k[★～★★],
243,243,27,固有スキルLv7k[★～★★],
243,243,28,固有スキルLv6k[★～★★],
243,243,29,固有スキルLv5k[★～★★],
243,243,30,固有スキルLv4k[★～★★],
243,243,31,固有スキルLv3k[★～★★],
243,243,32,固有スキルLv2k[★～★★],
243,243,33,固有スキルLv1k[★～★★],
243,243,34,固有スキルLv10k[★★★～],
243,243,35,固有スキルLv9k[★★★～],
243,243,36,固有スキルLv8k[★★★～],
243,243,37,固有スキルLv7k[★★★～],
243,243,38,固有スキルLv6k[★★★～],
243,243,39,固有スキルLv5k[★★★～],
243,243,40,固有スキルLv4k[★★★～],
243,243,41,固有スキルLv3k[★★★～],
243,243,42,固有スキルLv2k[★★★～],
243,243,43,固有スキルLv1k[★★★～],
243,243,44,固有スキルLv10k[★★★～],
243,243,45,固有スキルLv9k[★★★～],
243,243,46,固有スキルLv8k[★★★～],
243,243,47,固有スキルLv7k[★★★～],
243,243,48,固有スキルLv6k[★★★～],
243,243,49,固有スキルLv5k[★★★～],
243,243,50,固有スキルLv4k[★★★～],
243,243,51,固有スキルLv3k[★★★～],
243,243,52,固有スキルLv2k[★★★～],
243,243,53,固有スキルLv1k[★★★～],
243,243,54,レアスキルk,
243,243,55,スキルk,
243,243,56,ナイスポジション[中P],
243,243,57,ナイスポジション[KP],
243,243,58,1着,
243,243,59,2着,
243,243,60,3着,
243,243,61,4着,
243,243,62,5着,
243,243,63,6着,
243,243,64,7着,
243,243,65,8着,
243,243,66,9着,
243,243,67,10着,
243,243,68,11着,
243,243,69,12着,
243,243,70,基圣骏ぅ喑え[2.0秒],
243,243,71,基圣骏ぅ喑え[1.9秒],
243,243,72,基圣骏ぅ喑え[1.8秒],
243,243,73,基圣骏ぅ喑え[1.7秒],
243,243,74,基圣骏ぅ喑え[1.6秒],
243,243,75,基圣骏ぅ喑え[1.5秒],
243,243,76,基圣骏ぅ喑え[1.4秒],
243,243,77,基圣骏ぅ喑え[1.3秒],
243,243,78,基圣骏ぅ喑え[1.2秒],
243,243,79,基圣骏ぅ喑え[1.1秒],
243,243,80,基圣骏ぅ喑え[1.0秒],
243,243,81,基圣骏ぅ喑え[0.9秒],
243,243,82,基圣骏ぅ喑え[0.8秒],
243,243,83,基圣骏ぅ喑え[0.7秒],
243,243,84,基圣骏ぅ喑え[0.6秒],
243,243,85,基圣骏ぅ喑え[0.5秒],
243,243,86,基圣骏ぅ喑え[0.4秒],
243,243,87,基圣骏ぅ喑え[0.3秒],
243,243,88,基圣骏ぅ喑え[0.2秒],
243,243,89,基圣骏ぅ喑え[0.1秒],
243,243,90,倮,
243,243,91,VERY HARDで1着,
243,243,92,EXTREMEで1着,
244,244,1,大差で倮した龊悉双@得できるスコア,
244,244,2,10バ身差で倮した龊悉双@得できるスコア,
244,244,3,9バ身差で倮した龊悉双@得できるスコア,
244,244,4,8バ身差で倮した龊悉双@得できるスコア,
244,244,5,7バ身差で倮した龊悉双@得できるスコア,
244,244,6,6バ身差で倮した龊悉双@得できるスコア,
244,244,7,5バ身差で倮した龊悉双@得できるスコア,
244,244,8,4バ身差で倮した龊悉双@得できるスコア,
244,244,9,3 1/2バ身差で倮した龊悉双@得できるスコア,
244,244,10,3バ身差で倮した龊悉双@得できるスコア,
244,244,11,2 1/2バ身差で倮した龊悉双@得できるスコア,
244,244,12,2バ身差で倮した龊悉双@得できるスコア,
244,244,13,1 3/4バ身差で倮した龊悉双@得できるスコア,
244,244,14,1 1/2バ身差で倮した龊悉双@得できるスコア,
244,244,15,1 1/4バ身差で倮した龊悉双@得できるスコア,
244,244,16,1バ身差で倮した龊悉双@得できるスコア,
244,244,17,3/4バ身差で倮した龊悉双@得できるスコア,
244,244,18,1/2バ身差で倮した龊悉双@得できるスコア,
244,244,19,ハナ差で倮した龊悉双@得できるスコア,
244,244,20,アタマ差で倮した龊悉双@得できるスコア,
244,244,21,クビ差で倮した龊悉双@得できるスコア,
244,244,22,8番人菀韵陇3着以内に入った龊悉双@得できるスコア,
244,244,23,スタ`トダッシュに成功した龊悉双@得できるスコア,
244,244,24,★～★★のウマ娘がLv10の固有スキルをk婴筏龊悉双@得できるスコア,
244,244,25,★～★★のウマ娘がLv9の固有スキルをk婴筏龊悉双@得できるスコア,
244,244,26,★～★★のウマ娘がLv8の固有スキルをk婴筏龊悉双@得できるスコア,
244,244,27,★～★★のウマ娘がLv7の固有スキルをk婴筏龊悉双@得できるスコア,
244,244,28,★～★★のウマ娘がLv6の固有スキルをk婴筏龊悉双@得できるスコア,
244,244,29,★～★★のウマ娘がLv5の固有スキルをk婴筏龊悉双@得できるスコア,
244,244,30,★～★★のウマ娘がLv4の固有スキルをk婴筏龊悉双@得できるスコア,
244,244,31,★～★★のウマ娘がLv3の固有スキルをk婴筏龊悉双@得できるスコア,
244,244,32,★～★★のウマ娘がLv2の固有スキルをk婴筏龊悉双@得できるスコア,
244,244,33,★～★★のウマ娘がLv1の固有スキルをk婴筏龊悉双@得できるスコア,
244,244,34,★★★以上のウマ娘がLv10の固有スキルをk婴筏龊悉双@得できるスコア,
244,244,35,★★★以上のウマ娘がLv9の固有スキルをk婴筏龊悉双@得できるスコア,
244,244,36,★★★以上のウマ娘がLv8の固有スキルをk婴筏龊悉双@得できるスコア,
244,244,37,★★★以上のウマ娘がLv7の固有スキルをk婴筏龊悉双@得できるスコア,
244,244,38,★★★以上のウマ娘がLv6の固有スキルをk婴筏龊悉双@得できるスコア,
244,244,39,★★★以上のウマ娘がLv5の固有スキルをk婴筏龊悉双@得できるスコア,
244,244,40,★★★以上のウマ娘がLv4の固有スキルをk婴筏龊悉双@得できるスコア,
244,244,41,★★★以上のウマ娘がLv3の固有スキルをk婴筏龊悉双@得できるスコア,
244,244,42,★★★以上のウマ娘がLv2の固有スキルをk婴筏龊悉双@得できるスコア,
244,244,43,★★★以上のウマ娘がLv1の固有スキルをk婴筏龊悉双@得できるスコア,
244,244,44,★★★以上のウマ娘がLv10の固有スキルをk婴筏龊悉双@得できるスコア,
244,244,45,★★★以上のウマ娘がLv9の固有スキルをk婴筏龊悉双@得できるスコア,
244,244,46,★★★以上のウマ娘がLv8の固有スキルをk婴筏龊悉双@得できるスコア,
244,244,47,★★★以上のウマ娘がLv7の固有スキルをk婴筏龊悉双@得できるスコア,
244,244,48,★★★以上のウマ娘がLv6の固有スキルをk婴筏龊悉双@得できるスコア,
244,244,49,★★★以上のウマ娘がLv5の固有スキルをk婴筏龊悉双@得できるスコア,
244,244,50,★★★以上のウマ娘がLv4の固有スキルをk婴筏龊悉双@得できるスコア,
244,244,51,★★★以上のウマ娘がLv3の固有スキルをk婴筏龊悉双@得できるスコア,
244,244,52,★★★以上のウマ娘がLv2の固有スキルをk婴筏龊悉双@得できるスコア,
244,244,53,★★★以上のウマ娘がLv1の固有スキルをk婴筏龊悉双@得できるスコア,
244,244,54,レアスキルをk婴筏龊悉双@得できるスコア,
244,244,55,スキルをk婴筏龊悉双@得できるスコア（マイナススキルを除く）,
244,244,56,中Pにさしかかったタイミングで同じ作椁违Ε弈铯沃肖1番前にいた龊悉双@得できるスコア,
244,244,57,KPにさしかかったタイミングで同じ作椁违Ε弈铯沃肖1番前にいた龊悉双@得できるスコア,
244,244,58,1着でゴ`ルした龊悉双@得できるスコア,
244,244,59,2着でゴ`ルした龊悉双@得できるスコア,
244,244,60,3着でゴ`ルした龊悉双@得できるスコア,
244,244,61,4着でゴ`ルした龊悉双@得できるスコア,
244,244,62,5着でゴ`ルした龊悉双@得できるスコア,
244,244,63,6着でゴ`ルした龊悉双@得できるスコア,
244,244,64,7着でゴ`ルした龊悉双@得できるスコア,
244,244,65,8着でゴ`ルした龊悉双@得できるスコア,
244,244,66,9着でゴ`ルした龊悉双@得できるスコア,
244,244,67,10着でゴ`ルした龊悉双@得できるスコア,
244,244,68,11着でゴ`ルした龊悉双@得できるスコア,
244,244,69,12着でゴ`ルした龊悉双@得できるスコア,
244,244,70,基圣骏ぅ啶2.0秒上回ってゴ`ルしたHに@得できるスコア,
244,244,71,基圣骏ぅ啶1.9秒上回ってゴ`ルしたHに@得できるスコア,
244,244,72,基圣骏ぅ啶1.8秒上回ってゴ`ルしたHに@得できるスコア,
244,244,73,基圣骏ぅ啶1.7秒上回ってゴ`ルしたHに@得できるスコア,
244,244,74,基圣骏ぅ啶1.6秒上回ってゴ`ルしたHに@得できるスコア,
244,244,75,基圣骏ぅ啶1.5秒上回ってゴ`ルしたHに@得できるスコア,
244,244,76,基圣骏ぅ啶1.4秒上回ってゴ`ルしたHに@得できるスコア,
244,244,77,基圣骏ぅ啶1.3秒上回ってゴ`ルしたHに@得できるスコア,
244,244,78,基圣骏ぅ啶1.2秒上回ってゴ`ルしたHに@得できるスコア,
244,244,79,基圣骏ぅ啶1.1秒上回ってゴ`ルしたHに@得できるスコア,
244,244,80,基圣骏ぅ啶1.0秒上回ってゴ`ルしたHに@得できるスコア,
244,244,81,基圣骏ぅ啶0.9秒上回ってゴ`ルしたHに@得できるスコア,
244,244,82,基圣骏ぅ啶0.8秒上回ってゴ`ルしたHに@得できるスコア,
244,244,83,基圣骏ぅ啶0.7秒上回ってゴ`ルしたHに@得できるスコア,
244,244,84,基圣骏ぅ啶0.6秒上回ってゴ`ルしたHに@得できるスコア,
244,244,85,基圣骏ぅ啶0.5秒上回ってゴ`ルしたHに@得できるスコア,
244,244,86,基圣骏ぅ啶0.4秒上回ってゴ`ルしたHに@得できるスコア,
244,244,87,基圣骏ぅ啶0.3秒上回ってゴ`ルしたHに@得できるスコア,
244,244,88,基圣骏ぅ啶0.2秒上回ってゴ`ルしたHに@得できるスコア,
244,244,89,基圣骏ぅ啶0.1秒上回ってゴ`ルしたHに@得できるスコア,
244,244,90,相手に伽猎饯筏龊悉双@得できるスコア,
244,244,91,VERY HARDを1着でゴ`ルした龊悉双@得できるスコア,
244,244,92,EXTREMEを1着でゴ`ルした龊悉双@得できるスコア,
201,201,"1,000",<color=#ff9900>チャンピオンズミ`ティング <race_name></color> ラウンド1_催。,
201,201,"1,001",要チェックの<color=#ff9900>チャンピオンズミ`ティング <race_name></color> ラウンド1。,
201,201,"1,002",<color=#ff9900><race_name></color> ラウンド1、舞台は<race_course>レ`ス觥,
201,201,"1,003",E集う<race_course>のタ`フ、<color=#ff9900><race_name></color>。,
201,201,"1,004",<color=#ff9900><race_name></color> ラウンド1、待ちに待ったこのrがやって来た。,
201,201,"1,005",<color=#ff9900>チャンピオンズミ`ティング <race_name></color> ラウンド1。,
201,201,"1,006",遂に始まる、<color=#ff9900>チャンピオンズミ`ティング <race_name></color> ラウンド1。,
201,201,"1,007",激椁<color=#ff9900>チャンピオンズミ`ティング <race_name></color> ラウンド1。,
201,201,"1,008",幛・婴<color=#ff9900><race_name></color> ラウンド1_催。,
201,201,"1,009",肓窑Oめる<color=#ff9900>チャンピオンズミ`ティング <race_name></color> ラウンド1。,
201,201,"1,010",まだまだ序Pの<color=#ff9900><race_name></color> ラウンド1。,
201,201,"1,100",<color=#ff9900>チャンピオンズミ`ティング <race_name></color> ラウンド1_催。,
201,201,"1,101",~に逃せない<color=#ff9900><race_name></color>。,
201,201,"1,102",混楸刂沥<color=#ff9900><race_name></color>。,
201,201,"1,103",白幛<color=#ff9900>チャンピオンズミ`ティング <race_name></color> ラウンド1_催。,
201,201,"1,104",Qして止まらない、<color=#ff9900>チャンピオンズミ`ティング <race_name></color> ラウンド1。,
201,201,"1,105",ウマ娘ど真ん中、<color=#ff9900><race_name></color> ラウンド1。,
201,201,"1,106",まだまだ序Pの<color=#ff9900><race_name></color> ラウンド1。,
201,201,"1,200",エ`スBい踏み、Y果は三女神のみぞ知る大注目の一椤,
201,201,"1,201",全国から集まった精が大Z声の中で魅せる。,
201,201,"1,202",g力は本物、lが伽盲皮猡かしくない。,
201,201,"1,203",未来へと羽ばたいていく、期待のウマ娘たち。,
201,201,"1,204",出走するウマ娘はg力者Bい。,
201,201,"1,205",役者がBった、lもが注目する一椤,
201,201,"1,206",各ウマ娘のg力は伯仲、レベルの高いレ`スを大いに期待できる。,
201,201,"1,207",まれにる好メンバ`がBう、ファン必のレ`ス。,
201,201,"1,208",者のみがBった、注目の一椤,
201,201,"1,209",ファンの期待も高まる大一番。,
201,201,"1,210",Aグル`プM出を目指す三者が集う大事な一椤,
201,201,"1,300",g力拮抗、ゴ`ルの瞬gまで目がxせない好レ`ス。,
201,201,"1,301",冬の晴れやかな<race_course>レ`ス觥⒆⒛郡违Ε弈铯Bい。,
201,201,"1,302",僬撙、≌撙！伽膜韦1人だけだ！,
201,201,"1,303",どのウマ娘もここでみをつけたい大事な雒妗,
201,201,"1,304",全Tが倮へのいQ意を胸にライバルたちに挑む。,
201,201,"1,305",lが伽盲皮獠凰甲hではない、激しいレ`スが始まる。,
201,201,"1,306",注目のウマ娘たちがい合いながら<race_distance>を走りiける。,
201,201,"1,307",どこよりもLく、どこよりも短い<race_course>の<race_distance>。,
201,201,"1,308",Aグル`プM出を目指す三者が集う大事な一椤,
201,201,"1,400",僬撙趣胜毪韦瞎たして…！,
201,201,"1,401",1着でゴ`ルするのはどのウマ娘か…！,
201,201,"1,402",<race_distance>を1番に走りきるのはlだ！,
201,201,"1,403",1番疾いのはlだ…！,
201,201,"1,404",前だけをてMめ！,
201,201,"1,405",ゴ`ルの瞬gまで目がxせない！,
201,201,"1,406",<race_distance>先のゴ`ルめがけて走れ！,
201,201,"1,407",最高のレ`スが今、始まる…！,
201,201,"1,408",あなたの推しはどの娘？,
201,201,"1,500",9人を制して1着になるのはlだ！,
201,201,"1,501",伽膜韦悉嗓违Ε弈铯…！,
201,201,"1,502",未来をつかみ取れ！,
201,201,"1,503",思わぬ伏兵にも注目だ。,
201,201,"1,504",1着を伽寥・毪韦瞎たして…！,
201,201,"1,505",それぞれの自信を持った走りに期待しよう。,
201,201,"2,000",<color=#ff9900>チャンピオンズミ`ティング <race_name></color> ラウンド2_催。,
201,201,"2,001",要チェックの<color=#ff9900>チャンピオンズミ`ティング <race_name></color> ラウンド2。,
201,201,"2,002",<color=#ff9900><race_name></color> ラウンド2、舞台は<race_course>レ`ス觥,
201,201,"2,003",E集う<race_course>のタ`フ、<color=#ff9900><race_name></color>。,
201,201,"2,004",<color=#ff9900><race_name></color> ラウンド2、待ちに待ったこのrがやって来た。,
201,201,"2,005",<color=#ff9900>チャンピオンズミ`ティング <race_name></color> ラウンド2。,
201,201,"2,006",遂に始まる、<color=#ff9900>チャンピオンズミ`ティング <race_name></color> ラウンド2。,
201,201,"2,007",激椁<color=#ff9900>チャンピオンズミ`ティング <race_name></color> ラウンド2。,
201,201,"2,008",幛・婴<color=#ff9900><race_name></color> ラウンド2_催。,
201,201,"2,009",肓窑Oめる<color=#ff9900>チャンピオンズミ`ティング <race_name></color> ラウンド2。,
201,201,"2,010",ラウンド1をKえ、者の集うラウンド2。,
201,201,"2,100",<color=#ff9900>チャンピオンズミ`ティング <race_name></color> ラウンド2_催。,
201,201,"2,101",~に逃せない<color=#ff9900><race_name></color>。,
201,201,"2,102",混楸刂沥<color=#ff9900><race_name></color>。,
201,201,"2,103",白幛<color=#ff9900>チャンピオンズミ`ティング <race_name></color> ラウンド2_催。,
201,201,"2,104",Qして止まらない、<color=#ff9900>チャンピオンズミ`ティング <race_name></color> ラウンド2。,
201,201,"2,105",ウマ娘ど真ん中、<color=#ff9900><race_name></color> ラウンド2。,
201,201,"2,106",ラウンド1をKえ、者の集うラウンド2。,
201,201,"2,200",エ`スBい踏み、Y果は三女神のみぞ知る大注目の一椤,
201,201,"2,201",全国から集まった精が大Z声の中で魅せる。,
201,201,"2,202",g力は本物、lが伽盲皮猡かしくない。,
201,201,"2,203",未来へと羽ばたいていく、期待のウマ娘たち。,
201,201,"2,204",出走するウマ娘はg力者Bい。,
201,201,"2,205",役者がBった、lもが注目する一椤,
201,201,"2,206",各ウマ娘のg力は伯仲、レベルの高いレ`スを大いに期待できる。,
201,201,"2,207",まれにる好メンバ`がBう、ファン必のレ`ス。,
201,201,"2,208",者のみがBった、注目の一椤,
201,201,"2,209",ファンの期待も高まる大一番。,
201,201,"2,210",Q龠M出を目指す三者が集う大事な一椁趣胜搿,
201,201,"2,300",g力拮抗、ゴ`ルの瞬gまで目がxせない好レ`ス。,
201,201,"2,301",冬の晴れやかな<race_course>レ`ス觥⒆⒛郡违Ε弈铯Bい。,
201,201,"2,302",僬撙、≌撙！伽膜韦1人だけだ！,
201,201,"2,303",どのウマ娘もここでみをつけたい大事な雒妗,
201,201,"2,304",全Tが倮へのいQ意を胸にライバルたちに挑む。,
201,201,"2,305",lが伽盲皮獠凰甲hではない、激しいレ`スが始まる。,
201,201,"2,306",注目のウマ娘たちがい合いながら<race_distance>を走りiける。,
201,201,"2,307",どこよりもLく、どこよりも短い<race_course>の<race_distance>。,
201,201,"2,308",Q龠M出を目指す三者が集う大事な一椁趣胜搿,
201,201,"2,400",僬撙趣胜毪韦瞎たして…！,
201,201,"2,401",1着でゴ`ルするのはどのウマ娘か…！,
201,201,"2,402",<race_distance>を1番に走りきるのはlだ！,
201,201,"2,403",1番疾いのはlだ…！,
201,201,"2,404",前だけをてMめ！,
201,201,"2,405",ゴ`ルの瞬gまで目がxせない！,
201,201,"2,406",<race_distance>先のゴ`ルめがけて走れ！,
201,201,"2,407",最高のレ`スが今、始まる…！,
201,201,"2,408",あなたの推しはどの娘？,
201,201,"2,500",9人を制して1着になるのはlだ！,
201,201,"2,501",伽膜韦悉嗓违Ε弈铯…！,
201,201,"2,502",未来をつかみ取れ！,
201,201,"2,503",思わぬ伏兵にも注目だ。,
201,201,"2,504",1着を伽寥・毪韦瞎たして…！,
201,201,"2,505",それぞれの自信を持った走りに期待しよう。,
201,201,"3,000",<color=#ff9900>チャンピオンズミ`ティング <race_name></color> ラウンド2_催。,
201,201,"3,001",要チェックの<color=#ff9900>チャンピオンズミ`ティング <race_name></color> ラウンド2。,
201,201,"3,002",<color=#ff9900><race_name></color> ラウンド2、舞台は<race_course>レ`ス觥,
201,201,"3,003",E集う<race_course>のタ`フ、<color=#ff9900><race_name></color>。,
201,201,"3,004",<color=#ff9900><race_name></color> ラウンド2、待ちに待ったこのrがやって来た。,
201,201,"3,005",<color=#ff9900>チャンピオンズミ`ティング <race_name></color> ラウンド2。,
201,201,"3,006",遂に始まる、<color=#ff9900>チャンピオンズミ`ティング <race_name></color> ラウンド2。,
201,201,"3,007",激椁<color=#ff9900>チャンピオンズミ`ティング <race_name></color> ラウンド2。,
201,201,"3,008",幛・婴<color=#ff9900><race_name></color> ラウンド2_催。,
201,201,"3,009",肓窑Oめる<color=#ff9900>チャンピオンズミ`ティング <race_name></color> ラウンド2。,
201,201,"3,010",ラウンド1をKえ、者の集うラウンド2。,
201,201,"3,100",<color=#ff9900>チャンピオンズミ`ティング <race_name></color> ラウンド2_催。,
201,201,"3,101",~に逃せない<color=#ff9900><race_name></color>。,
201,201,"3,102",混楸刂沥<color=#ff9900><race_name></color>。,
201,201,"3,103",白幛<color=#ff9900>チャンピオンズミ`ティング <race_name></color> ラウンド2_催。,
201,201,"3,104",Qして止まらない、<color=#ff9900>チャンピオンズミ`ティング <race_name></color> ラウンド2。,
201,201,"3,105",ウマ娘ど真ん中、<color=#ff9900><race_name></color> ラウンド2。,
201,201,"3,106",ラウンド1をKえ、者の集うラウンド2。,
201,201,"3,200",エ`スBい踏み、Y果は三女神のみぞ知る大注目の一椤,
201,201,"3,201",全国から集まった精が大Z声の中で魅せる。,
201,201,"3,202",g力は本物、lが伽盲皮猡かしくない。,
201,201,"3,203",未来へと羽ばたいていく、期待のウマ娘たち。,
201,201,"3,204",出走するウマ娘はg力者Bい。,
201,201,"3,205",役者がBった、lもが注目する一椤,
201,201,"3,206",各ウマ娘のg力は伯仲、レベルの高いレ`スを大いに期待できる。,
201,201,"3,207",まれにる好メンバ`がBう、ファン必のレ`ス。,
201,201,"3,208",者のみがBった、注目の一椤,
201,201,"3,209",ファンの期待も高まる大一番。,
201,201,"3,210",Q龠M出を目指す三者が集う大事な一椁趣胜搿,
201,201,"3,300",g力拮抗、ゴ`ルの瞬gまで目がxせない好レ`ス。,
201,201,"3,301",冬の晴れやかな<race_course>レ`ス觥⒆⒛郡违Ε弈铯Bい。,
201,201,"3,302",僬撙、≌撙！伽膜韦1人だけだ！,
201,201,"3,303",どのウマ娘もここでみをつけたい大事な雒妗,
201,201,"3,304",全Tが倮へのいQ意を胸にライバルたちに挑む。,
201,201,"3,305",lが伽盲皮獠凰甲hではない、激しいレ`スが始まる。,
201,201,"3,306",注目のウマ娘たちがい合いながら<race_distance>を走りiける。,
201,201,"3,307",どこよりもLく、どこよりも短い<race_course>の<race_distance>。,
201,201,"3,308",Q龠M出を目指す三者が集う大事な一椁趣胜搿,
201,201,"3,400",僬撙趣胜毪韦瞎たして…！,
201,201,"3,401",1着でゴ`ルするのはどのウマ娘か…！,
201,201,"3,402",<race_distance>を1番に走りきるのはlだ！,
201,201,"3,403",1番疾いのはlだ…！,
201,201,"3,404",前だけをてMめ！,
201,201,"3,405",ゴ`ルの瞬gまで目がxせない！,
201,201,"3,406",<race_distance>先のゴ`ルめがけて走れ！,
201,201,"3,407",最高のレ`スが今、始まる…！,
201,201,"3,408",あなたの推しはどの娘？,
201,201,"3,500",9人を制して1着になるのはlだ！,
201,201,"3,501",伽膜韦悉嗓违Ε弈铯…！,
201,201,"3,502",未来をつかみ取れ！,
201,201,"3,503",思わぬ伏兵にも注目だ。,
201,201,"3,504",1着を伽寥・毪韦瞎たして…！,
201,201,"3,505",それぞれの自信を持った走りに期待しよう。,
201,201,"4,000",<color=#ff9900>チャンピオンズミ`ティング <race_name></color> Q佶楗Ε螗伞⑺欷碎_幕！,
201,201,"4,001",いよいよやって来たQ佶飑`ス。,
201,201,"4,002",者Bい踏みの<color=#ff9900><race_name></color> Q佶飑`ス。,
201,201,"4,003",いよいよ、あなたの、そして私の簸走る。,
201,201,"4,004",いよいよ幕を_ける、<color=#ff9900>チャンピオンズミ`ティング <race_name></color> Q佶楗Ε螗伞,
201,201,"4,100",三つ巴の、瞬きすらSさない大一番。,
201,201,"4,101",全国から集う精たちの、点がQまる大一番。,
201,201,"4,102",xかしい压猡蚰恐袱贰⑼护Mんできたウマ娘たち。,
201,201,"4,103",またもレ`ス訾峥瘠uにきzむのか。,
201,201,"4,104",<race_distance>のゴ`ルを一番先に走りiけるのはどのウマ娘か。,
201,201,"4,105",感婴趣趣猡s史に残る一椁始まる。,
201,201,"4,106",泣いても笑ってもここでQまる、叶わない簸悉胜ぁ,
201,201,"4,107",ここに集うは激椁\り越えたfj天たち。,
201,201,"4,108",今日、s史に新たな1ペ`ジが刻まれるかもしれない。,
201,201,"4,200",压猡颏膜み取れ！,
201,201,"4,201",奇Eを逃すな！,
201,201,"4,202",簸讼颏って走れ！,
201,201,"4,203",倮の女神はlに微笑む？,
201,201,"4,204",新r代の幕_けを逃すな！,
201,201,"4,205",倮の女神を糁肖摔丹护毪韦险lだ！,
201,201,"4,206",最速の压冥险lの手に？,
201,201,"4,207",刮目せよ！,
201,201,"4,208",今、彼女たちは一のLとなる！,
201,201,"4,209",徽hのQ生を届けろ！,
201,201,"4,210",最の意味を知れ。,
201,201,"4,211",xかしい压猡蚴证摔工毪韦险lか。,
201,201,"5,000",<color=#ff9900>チャンピオンズミ`ティング <race_name></color> Q佶楗Ε螗伞⑺欷碎_幕！,
201,201,"5,001",いよいよやって来たQ佶飑`ス。,
201,201,"5,002",者Bい踏みの<color=#ff9900><race_name></color> Q佶飑`ス。,
201,201,"5,003",いよいよ、あなたの、そして私の簸走る。,
201,201,"5,004",いよいよ幕を_ける、<color=#ff9900>チャンピオンズミ`ティング <race_name></color> Q佶楗Ε螗伞,
201,201,"5,100",三つ巴の、瞬きすらSさない大一番。,
201,201,"5,101",全国から集う精たちの、点がQまる大一番。,
201,201,"5,102",xかしい压猡蚰恐袱贰⑼护Mんできたウマ娘たち。,
201,201,"5,103",またもレ`ス訾峥瘠uにきzむのか。,
201,201,"5,104",<race_distance>のゴ`ルを一番先に走りiけるのはどのウマ娘か。,
201,201,"5,105",感婴趣趣猡s史に残る一椁始まる。,
201,201,"5,106",泣いても笑ってもここでQまる、叶わない簸悉胜ぁ,
201,201,"5,107",ここに集うは激椁\り越えたfj天たち。,
201,201,"5,108",今日、s史に新たな1ペ`ジが刻まれるかもしれない。,
201,201,"5,200",压猡颏膜み取れ！,
201,201,"5,201",奇Eを逃すな！,
201,201,"5,202",簸讼颏って走れ！,
201,201,"5,203",倮の女神はlに微笑む？,
201,201,"5,204",新r代の幕_けを逃すな！,
201,201,"5,205",倮の女神を糁肖摔丹护毪韦险lだ！,
201,201,"5,206",最速の压冥险lの手に？,
201,201,"5,207",刮目せよ！,
201,201,"5,208",今、彼女たちは一のLとなる！,
201,201,"5,209",徽hのQ生を届けろ！,
201,201,"5,210",最の意味を知れ。,
201,201,"5,211",xかしい压猡蚴证摔工毪韦险lか。,
202,202,100,今回注目するのは<color=#ff9900>「<username>」</color>。,
202,202,101,新M蒌の注目株<color=#ff9900>「<username>」</color>。,
202,202,200,<color=#ff9900><race_name></color>では初出走となるが、育成の手腕には定uがある敏腕トレ`ナ`。,
202,202,201,今大会初出走だが、ウマ娘たちからの信mが厚いu判のトレ`ナ`。,
202,202,300,今大会に旋Lをき起こす予感…！,
202,202,301,遂に今大会でそのg力をせる！,
202,202,302,1レ`ス目からg力をk]できるか…！？,
202,202,"1,000",注目のトレ`ナ`<color=#ff9900>「<username>」</color>。,
202,202,"1,001",今回の注目株<color=#ff9900>「<username>」</color>。,
202,202,"1,100",まだ伽列扦仙悉菠皮い胜い、ここまで好レ`スでQ客を魅了している。,
202,202,"1,101",まだ伽列扦仙悉菠皮い胜い、今大会の荬摔Tれてきた子。,
202,202,"1,102",まだ伽列扦仙悉菠皮い胜い、秘めた素|を_かに持っている。,
202,202,"1,103",とにかく伽沥ほしい一椤これまでとは莺悉稳毪攴饯`うか。,
202,202,"1,200",ここからの<color=#ff9900>「<username>」</color>率いるウマ娘に期待しよう！,
202,202,"1,201",底力がされる大事なレ`スとなりそうだ。,
202,202,"2,000",<color=#ff9900><race_name></color>にエントリ`中の<color=#ff9900>「<username>」</color>。,
202,202,"2,001",今回特にチェックが必要なトレ`ナ`<color=#ff9900>「<username>」</color>。,
202,202,"2,100",F在<color=#ff9900><race_name></color>では41佟まずまずといった榭だがポテンシャルは十分。,
202,202,"2,101",F在41佟榭はまずまずだがここまで好レ`スを演じてきている。,
202,202,"2,200",ここからの活Sに期待大！,
202,202,"2,201",けられない大一番に注目！,
202,202,"2,202",次へげる大きな倮を手にできるか…！,
202,202,"3,000",今大会での注目トレ`ナ`<color=#ff9900>「<username>」</color>。,
202,202,"3,001",今回注目するのは<color=#ff9900>「<username>」</color>。,
202,202,"3,100",F在31佟⒔癀飑`スは特に大事な一椁趣胜搿！,
202,202,"3,101",F在31佟ここで伽皮毪が大きな分かれ目となる。,
202,202,"3,200",u判通りのg力を示し、事倮をつかみ取ることができるか！,
202,202,"3,201",倮して次へげられるのか！,
202,202,"4,000",<color=#ff9900><race_name></color>、注目のトレ`ナ`<color=#ff9900>「<username>」</color>。,
202,202,"4,001",注目のトレ`ナ`<color=#ff9900>「<username>」</color>。,
202,202,"4,100",F在俾50％、そのg力をいかんなくk]し、Q客を魅了中。,
202,202,"4,101",F在俾50％、安定感のあるレ`ス展_で倮へ向けて走りAける。,
202,202,"4,200",<color=#ff9900>「<username>」</color>の活Sぶりから目がxせない！,
202,202,"4,201",大事なこの一椁g力通りに良いY果を伽寥・毪长趣できるか！,
202,202,"5,000",注目のトレ`ナ`<color=#ff9900>「<username>」</color>。,
202,202,"5,001",今回の注目株<color=#ff9900>「<username>」</color>。,
202,202,"5,100",F在32伽取⑵诖通りの素晴らしい榭で活S中。,
202,202,"5,101",<color=#ff9900><race_name></color>ではF在32佟⑵诖度は急上N中。,
202,202,"5,200",次へげるこの大一番も倮することができるか！,
202,202,"5,201",このレ`スでの更なる活Sに期待！,
202,202,"5,202",けられないこのレ`スでもi群の儇さをせられるか…！,
202,202,"6,000",今大会注目のトレ`ナ`<color=#ff9900>「<username>」</color>。,
202,202,"6,001",要注目のトレ`ナ`<color=#ff9900>「<username>」</color>。,
202,202,"6,100",既に<color=#ff9900><race_name></color>で3伽贰⑷国屈指のg力をウマ娘ファンに披露している。,
